tenant_id,ledger_id,entry_date,flow_type,category,amount,description,customer_id
demo_business_001,L0000001,2024-08-20,inflow,retail_sales,530.8,Daily retail sales receipts,
demo_business_001,L0000002,2024-08-21,inflow,retail_sales,409.65,Daily retail sales receipts,
demo_business_001,L0000003,2024-08-22,inflow,retail_sales,365.15,Daily retail sales receipts,
demo_business_001,L0000004,2024-08-23,inflow,retail_sales,613.7,Daily retail sales receipts,
demo_business_001,L0000005,2024-08-24,inflow,retail_sales,690.05,Daily retail sales receipts,
demo_business_001,L0001010,2024-08-24,outflow,payroll,3803.75,Biweekly payroll,
demo_business_001,L0000006,2024-08-25,inflow,retail_sales,559.8,Daily retail sales receipts,
demo_business_001,L0000007,2024-08-26,inflow,retail_sales,405.4,Daily retail sales receipts,
demo_business_001,L0000885,2024-08-27,outflow,inventory_restock,2689.84,Routine inventory / COGS restock,
demo_business_001,L0000008,2024-08-27,inflow,retail_sales,448.85,Daily retail sales receipts,
demo_business_001,L0000009,2024-08-28,inflow,retail_sales,487.7,Daily retail sales receipts,
demo_business_001,L0000010,2024-08-29,inflow,retail_sales,602.3,Daily retail sales receipts,
demo_business_001,L0000011,2024-08-30,inflow,retail_sales,653.75,Daily retail sales receipts,
demo_business_001,L0000012,2024-08-31,inflow,retail_sales,668.0,Daily retail sales receipts,
demo_business_001,L0000013,2024-09-01,inflow,retail_sales,739.25,Daily retail sales receipts,
demo_business_001,L0000940,2024-09-01,outflow,loan_payment,650.0,Equipment loan installment,
demo_business_001,L0000939,2024-09-01,outflow,utilities,380.0,Monthly utilities,
demo_business_001,L0000938,2024-09-01,outflow,rent,3200.0,Monthly rent,
demo_business_001,L0000014,2024-09-02,inflow,retail_sales,361.9,Daily retail sales receipts,
demo_business_001,L0000015,2024-09-03,inflow,retail_sales,393.6,Daily retail sales receipts,
demo_business_001,L0000016,2024-09-04,inflow,retail_sales,442.1,Daily retail sales receipts,
demo_business_001,L0000017,2024-09-05,inflow,retail_sales,514.35,Daily retail sales receipts,
demo_business_001,L0000018,2024-09-06,inflow,retail_sales,473.8,Daily retail sales receipts,
demo_business_001,L0000019,2024-09-07,inflow,retail_sales,655.65,Daily retail sales receipts,
demo_business_001,L0001011,2024-09-07,outflow,payroll,3816.89,Biweekly payroll,
demo_business_001,L0000020,2024-09-08,inflow,retail_sales,735.35,Daily retail sales receipts,
demo_business_001,L0000021,2024-09-09,inflow,retail_sales,412.9,Daily retail sales receipts,
demo_business_001,L0000022,2024-09-10,inflow,retail_sales,584.5,Daily retail sales receipts,
demo_business_001,L0000886,2024-09-10,outflow,inventory_restock,2633.65,Routine inventory / COGS restock,
demo_business_001,L0000023,2024-09-11,inflow,retail_sales,404.4,Daily retail sales receipts,
demo_business_001,L0000024,2024-09-12,inflow,retail_sales,578.8,Daily retail sales receipts,
demo_business_001,L0000025,2024-09-13,inflow,retail_sales,625.5,Daily retail sales receipts,
demo_business_001,L0000026,2024-09-14,inflow,retail_sales,571.05,Daily retail sales receipts,
demo_business_001,L0000027,2024-09-15,inflow,retail_sales,632.15,Daily retail sales receipts,
demo_business_001,L0000028,2024-09-16,inflow,retail_sales,505.55,Daily retail sales receipts,
demo_business_001,L0000029,2024-09-17,inflow,retail_sales,402.45,Daily retail sales receipts,
demo_business_001,L0000030,2024-09-18,inflow,retail_sales,397.1,Daily retail sales receipts,
demo_business_001,L0000031,2024-09-19,inflow,retail_sales,358.15,Daily retail sales receipts,
demo_business_001,L0000032,2024-09-20,inflow,retail_sales,663.05,Daily retail sales receipts,
demo_business_001,L0000033,2024-09-21,inflow,retail_sales,608.45,Daily retail sales receipts,
demo_business_001,L0001012,2024-09-21,outflow,payroll,3830.02,Biweekly payroll,
demo_business_001,L0000034,2024-09-22,inflow,retail_sales,588.0,Daily retail sales receipts,
demo_business_001,L0000035,2024-09-23,inflow,retail_sales,429.7,Daily retail sales receipts,
demo_business_001,L0000036,2024-09-24,inflow,retail_sales,474.95,Daily retail sales receipts,
demo_business_001,L0000887,2024-09-24,outflow,inventory_restock,2604.37,Routine inventory / COGS restock,
demo_business_001,L0000037,2024-09-25,inflow,retail_sales,429.6,Daily retail sales receipts,
demo_business_001,L0000038,2024-09-26,inflow,retail_sales,476.6,Daily retail sales receipts,
demo_business_001,L0000039,2024-09-27,inflow,retail_sales,577.65,Daily retail sales receipts,
demo_business_001,L0000040,2024-09-28,inflow,retail_sales,876.5,Daily retail sales receipts,
demo_business_001,L0000041,2024-09-29,inflow,retail_sales,535.7,Daily retail sales receipts,
demo_business_001,L0000042,2024-09-30,inflow,retail_sales,479.15,Daily retail sales receipts,
demo_business_001,L0000943,2024-10-01,outflow,loan_payment,650.0,Equipment loan installment,
demo_business_001,L0000942,2024-10-01,outflow,utilities,380.0,Monthly utilities,
demo_business_001,L0000941,2024-10-01,outflow,rent,3200.0,Monthly rent,
demo_business_001,L0000043,2024-10-01,inflow,retail_sales,516.45,Daily retail sales receipts,
demo_business_001,L0000044,2024-10-02,inflow,retail_sales,467.95,Daily retail sales receipts,
demo_business_001,L0000045,2024-10-03,inflow,retail_sales,359.6,Daily retail sales receipts,
demo_business_001,L0000046,2024-10-04,inflow,retail_sales,414.85,Daily retail sales receipts,
demo_business_001,L0000047,2024-10-05,inflow,retail_sales,619.65,Daily retail sales receipts,
demo_business_001,L0001013,2024-10-05,outflow,payroll,3843.16,Biweekly payroll,
demo_business_001,L0000048,2024-10-06,inflow,retail_sales,605.65,Daily retail sales receipts,
demo_business_001,L0000049,2024-10-07,inflow,retail_sales,358.65,Daily retail sales receipts,
demo_business_001,L0000888,2024-10-08,outflow,inventory_restock,2663.41,Routine inventory / COGS restock,
demo_business_001,L0000050,2024-10-08,inflow,retail_sales,302.35,Daily retail sales receipts,
demo_business_001,L0000051,2024-10-09,inflow,retail_sales,422.85,Daily retail sales receipts,
demo_business_001,L0000052,2024-10-10,inflow,retail_sales,537.25,Daily retail sales receipts,
demo_business_001,L0000053,2024-10-11,inflow,retail_sales,536.6,Daily retail sales receipts,
demo_business_001,L0000054,2024-10-12,inflow,retail_sales,803.9,Daily retail sales receipts,
demo_business_001,L0000731,2024-10-12,inflow,wholesale_invoice_payment,192.0,Invoice payment from Riverside Office Park Cafeteria,C001
demo_business_001,L0000055,2024-10-13,inflow,retail_sales,609.15,Daily retail sales receipts,
demo_business_001,L0000056,2024-10-14,inflow,retail_sales,310.65,Daily retail sales receipts,
demo_business_001,L0000057,2024-10-15,inflow,retail_sales,477.55,Daily retail sales receipts,
demo_business_001,L0000058,2024-10-16,inflow,retail_sales,438.15,Daily retail sales receipts,
demo_business_001,L0000059,2024-10-17,inflow,retail_sales,602.05,Daily retail sales receipts,
demo_business_001,L0000060,2024-10-18,inflow,retail_sales,679.25,Daily retail sales receipts,
demo_business_001,L0001014,2024-10-19,outflow,payroll,3856.3,Biweekly payroll,
demo_business_001,L0000061,2024-10-19,inflow,retail_sales,794.75,Daily retail sales receipts,
demo_business_001,L0000062,2024-10-20,inflow,retail_sales,594.35,Daily retail sales receipts,
demo_business_001,L0000063,2024-10-21,inflow,retail_sales,416.85,Daily retail sales receipts,
demo_business_001,L0000064,2024-10-22,inflow,retail_sales,505.3,Daily retail sales receipts,
demo_business_001,L0000889,2024-10-22,outflow,inventory_restock,2523.58,Routine inventory / COGS restock,
demo_business_001,L0000065,2024-10-23,inflow,retail_sales,341.0,Daily retail sales receipts,
demo_business_001,L0000066,2024-10-24,inflow,retail_sales,481.4,Daily retail sales receipts,
demo_business_001,L0000067,2024-10-25,inflow,retail_sales,599.55,Daily retail sales receipts,
demo_business_001,L0000068,2024-10-26,inflow,retail_sales,790.95,Daily retail sales receipts,
demo_business_001,L0000069,2024-10-27,inflow,retail_sales,513.2,Daily retail sales receipts,
demo_business_001,L0000070,2024-10-28,inflow,retail_sales,390.75,Daily retail sales receipts,
demo_business_001,L0000071,2024-10-29,inflow,retail_sales,388.55,Daily retail sales receipts,
demo_business_001,L0000072,2024-10-30,inflow,retail_sales,546.35,Daily retail sales receipts,
demo_business_001,L0000073,2024-10-31,inflow,retail_sales,260.95,Daily retail sales receipts,
demo_business_001,L0000944,2024-11-01,outflow,rent,3200.0,Monthly rent,
demo_business_001,L0000945,2024-11-01,outflow,utilities,380.0,Monthly utilities,
demo_business_001,L0000946,2024-11-01,outflow,loan_payment,650.0,Equipment loan installment,
demo_business_001,L0000074,2024-11-01,inflow,retail_sales,842.3,Daily retail sales receipts,
demo_business_001,L0000075,2024-11-02,inflow,retail_sales,810.2,Daily retail sales receipts,
demo_business_001,L0001015,2024-11-02,outflow,payroll,3869.43,Biweekly payroll,
demo_business_001,L0000076,2024-11-03,inflow,retail_sales,687.8,Daily retail sales receipts,
demo_business_001,L0000077,2024-11-04,inflow,retail_sales,529.45,Daily retail sales receipts,
demo_business_001,L0000078,2024-11-05,inflow,retail_sales,379.6,Daily retail sales receipts,
demo_business_001,L0000890,2024-11-05,outflow,inventory_restock,3279.21,Routine inventory / COGS restock,
demo_business_001,L0000079,2024-11-06,inflow,retail_sales,496.0,Daily retail sales receipts,
demo_business_001,L0000080,2024-11-07,inflow,retail_sales,584.15,Daily retail sales receipts,
demo_business_001,L0000081,2024-11-08,inflow,retail_sales,634.65,Daily retail sales receipts,
demo_business_001,L0000082,2024-11-09,inflow,retail_sales,997.7,Daily retail sales receipts,
demo_business_001,L0000083,2024-11-10,inflow,retail_sales,627.6,Daily retail sales receipts,
demo_business_001,L0000084,2024-11-11,inflow,retail_sales,386.4,Daily retail sales receipts,
demo_business_001,L0000085,2024-11-12,inflow,retail_sales,528.2,Daily retail sales receipts,
demo_business_001,L0000732,2024-11-13,inflow,wholesale_invoice_payment,2052.0,Invoice payment from Riverside Office Park Cafeteria,C001
demo_business_001,L0000086,2024-11-13,inflow,retail_sales,427.95,Daily retail sales receipts,
demo_business_001,L0000087,2024-11-14,inflow,retail_sales,670.3,Daily retail sales receipts,
demo_business_001,L0000088,2024-11-15,inflow,retail_sales,742.1,Daily retail sales receipts,
demo_business_001,L0001016,2024-11-16,outflow,payroll,3882.57,Biweekly payroll,
demo_business_001,L0000089,2024-11-16,inflow,retail_sales,927.9,Daily retail sales receipts,
demo_business_001,L0000090,2024-11-17,inflow,retail_sales,588.95,Daily retail sales receipts,
demo_business_001,L0000091,2024-11-18,inflow,retail_sales,602.55,Daily retail sales receipts,
demo_business_001,L0000891,2024-11-19,outflow,inventory_restock,3340.97,Routine inventory / COGS restock,
demo_business_001,L0000092,2024-11-19,inflow,retail_sales,505.8,Daily retail sales receipts,
demo_business_001,L0000093,2024-11-20,inflow,retail_sales,588.45,Daily retail sales receipts,
demo_business_001,L0000094,2024-11-21,inflow,retail_sales,620.3,Daily retail sales receipts,
demo_business_001,L0000095,2024-11-22,inflow,retail_sales,736.85,Daily retail sales receipts,
demo_business_001,L0000096,2024-11-23,inflow,retail_sales,911.1,Daily retail sales receipts,
demo_business_001,L0000097,2024-11-24,inflow,retail_sales,642.0,Daily retail sales receipts,
demo_business_001,L0000098,2024-11-25,inflow,retail_sales,369.1,Daily retail sales receipts,
demo_business_001,L0000099,2024-11-26,inflow,retail_sales,426.5,Daily retail sales receipts,
demo_business_001,L0000734,2024-11-27,inflow,wholesale_invoice_payment,496.0,Invoice payment from Oakview Elementary PTA,C003
demo_business_001,L0000100,2024-11-27,inflow,retail_sales,494.35,Daily retail sales receipts,
demo_business_001,L0000101,2024-11-28,inflow,retail_sales,477.15,Daily retail sales receipts,
demo_business_001,L0000102,2024-11-29,inflow,retail_sales,711.0,Daily retail sales receipts,
demo_business_001,L0001017,2024-11-30,outflow,payroll,3895.7,Biweekly payroll,
demo_business_001,L0000103,2024-11-30,inflow,retail_sales,973.55,Daily retail sales receipts,
demo_business_001,L0000104,2024-12-01,inflow,retail_sales,1066.05,Daily retail sales receipts,
demo_business_001,L0000949,2024-12-01,outflow,loan_payment,650.0,Equipment loan installment,
demo_business_001,L0000948,2024-12-01,outflow,utilities,437.0,Monthly utilities,
demo_business_001,L0000947,2024-12-01,outflow,rent,3200.0,Monthly rent,
demo_business_001,L0000105,2024-12-02,inflow,retail_sales,710.05,Daily retail sales receipts,
demo_business_001,L0000892,2024-12-03,outflow,inventory_restock,3716.33,Routine inventory / COGS restock,
demo_business_001,L0000106,2024-12-03,inflow,retail_sales,518.65,Daily retail sales receipts,
demo_business_001,L0000107,2024-12-04,inflow,retail_sales,622.15,Daily retail sales receipts,
demo_business_001,L0000108,2024-12-05,inflow,retail_sales,666.15,Daily retail sales receipts,
demo_business_001,L0000109,2024-12-06,inflow,retail_sales,983.35,Daily retail sales receipts,
demo_business_001,L0000110,2024-12-07,inflow,retail_sales,989.9,Daily retail sales receipts,
demo_business_001,L0000111,2024-12-08,inflow,retail_sales,735.95,Daily retail sales receipts,
demo_business_001,L0000112,2024-12-09,inflow,retail_sales,651.0,Daily retail sales receipts,
demo_business_001,L0000113,2024-12-10,inflow,retail_sales,798.9,Daily retail sales receipts,
demo_business_001,L0000735,2024-12-10,inflow,wholesale_invoice_payment,693.0,Invoice payment from Riverside Office Park Cafeteria,C001
demo_business_001,L0000114,2024-12-11,inflow,retail_sales,604.25,Daily retail sales receipts,
demo_business_001,L0000115,2024-12-12,inflow,retail_sales,753.6,Daily retail sales receipts,
demo_business_001,L0000116,2024-12-13,inflow,retail_sales,678.45,Daily retail sales receipts,
demo_business_001,L0000117,2024-12-14,inflow,retail_sales,760.85,Daily retail sales receipts,
demo_business_001,L0001018,2024-12-14,outflow,payroll,3908.84,Biweekly payroll,
demo_business_001,L0000118,2024-12-15,inflow,retail_sales,837.25,Daily retail sales receipts,
demo_business_001,L0000119,2024-12-16,inflow,retail_sales,700.2,Daily retail sales receipts,
demo_business_001,L0000120,2024-12-17,inflow,retail_sales,822.25,Daily retail sales receipts,
demo_business_001,L0000893,2024-12-17,outflow,inventory_restock,3433.86,Routine inventory / COGS restock,
demo_business_001,L0000121,2024-12-18,inflow,retail_sales,508.75,Daily retail sales receipts,
demo_business_001,L0000122,2024-12-19,inflow,retail_sales,715.3,Daily retail sales receipts,
demo_business_001,L0000123,2024-12-20,inflow,retail_sales,711.95,Daily retail sales receipts,
demo_business_001,L0000124,2024-12-21,inflow,retail_sales,811.25,Daily retail sales receipts,
demo_business_001,L0000125,2024-12-22,inflow,retail_sales,740.25,Daily retail sales receipts,
demo_business_001,L0000126,2024-12-23,inflow,retail_sales,392.5,Daily retail sales receipts,
demo_business_001,L0000127,2024-12-24,inflow,retail_sales,540.0,Daily retail sales receipts,
demo_business_001,L0000128,2024-12-25,inflow,retail_sales,513.95,Daily retail sales receipts,
demo_business_001,L0000739,2024-12-26,inflow,wholesale_invoice_payment,384.0,Invoice payment from Oakview Elementary PTA,C003
demo_business_001,L0000129,2024-12-26,inflow,retail_sales,861.3,Daily retail sales receipts,
demo_business_001,L0000130,2024-12-27,inflow,retail_sales,671.45,Daily retail sales receipts,
demo_business_001,L0001019,2024-12-28,outflow,payroll,3921.98,Biweekly payroll,
demo_business_001,L0000131,2024-12-28,inflow,retail_sales,916.8,Daily retail sales receipts,
demo_business_001,L0000132,2024-12-29,inflow,retail_sales,895.05,Daily retail sales receipts,
demo_business_001,L0000133,2024-12-30,inflow,retail_sales,392.1,Daily retail sales receipts,
demo_business_001,L0000134,2024-12-31,inflow,retail_sales,523.7,Daily retail sales receipts,
demo_business_001,L0000894,2024-12-31,outflow,inventory_restock,3736.04,Routine inventory / COGS restock,
demo_business_001,L0000135,2025-01-01,inflow,retail_sales,294.45,Daily retail sales receipts,
demo_business_001,L0000950,2025-01-01,outflow,rent,3200.0,Monthly rent,
demo_business_001,L0000951,2025-01-01,outflow,utilities,437.0,Monthly utilities,
demo_business_001,L0000952,2025-01-01,outflow,loan_payment,650.0,Equipment loan installment,
demo_business_001,L0000136,2025-01-02,inflow,retail_sales,378.55,Daily retail sales receipts,
demo_business_001,L0000137,2025-01-03,inflow,retail_sales,436.75,Daily retail sales receipts,
demo_business_001,L0000138,2025-01-04,inflow,retail_sales,550.55,Daily retail sales receipts,
demo_business_001,L0000139,2025-01-05,inflow,retail_sales,403.5,Daily retail sales receipts,
demo_business_001,L0000140,2025-01-06,inflow,retail_sales,401.45,Daily retail sales receipts,
demo_business_001,L0000141,2025-01-07,inflow,retail_sales,257.6,Daily retail sales receipts,
demo_business_001,L0000142,2025-01-08,inflow,retail_sales,285.25,Daily retail sales receipts,
demo_business_001,L0000143,2025-01-09,inflow,retail_sales,262.65,Daily retail sales receipts,
demo_business_001,L0000144,2025-01-10,inflow,retail_sales,479.45,Daily retail sales receipts,
demo_business_001,L0000145,2025-01-11,inflow,retail_sales,385.0,Daily retail sales receipts,
demo_business_001,L0001020,2025-01-11,outflow,payroll,3935.11,Biweekly payroll,
demo_business_001,L0000146,2025-01-12,inflow,retail_sales,494.4,Daily retail sales receipts,
demo_business_001,L0000737,2025-01-13,inflow,wholesale_invoice_payment,1072.0,Invoice payment from Riverside Office Park Cafeteria,C001
demo_business_001,L0000147,2025-01-13,inflow,retail_sales,407.0,Daily retail sales receipts,
demo_business_001,L0000148,2025-01-14,inflow,retail_sales,347.5,Daily retail sales receipts,
demo_business_001,L0000895,2025-01-14,outflow,inventory_restock,1902.1,Routine inventory / COGS restock,
demo_business_001,L0000149,2025-01-15,inflow,retail_sales,248.45,Daily retail sales receipts,
demo_business_001,L0000150,2025-01-16,inflow,retail_sales,318.1,Daily retail sales receipts,
demo_business_001,L0000151,2025-01-17,inflow,retail_sales,243.55,Daily retail sales receipts,
demo_business_001,L0000152,2025-01-18,inflow,retail_sales,355.15,Daily retail sales receipts,
demo_business_001,L0000153,2025-01-19,inflow,retail_sales,464.7,Daily retail sales receipts,
demo_business_001,L0000154,2025-01-20,inflow,retail_sales,393.3,Daily retail sales receipts,
demo_business_001,L0000155,2025-01-21,inflow,retail_sales,210.95,Daily retail sales receipts,
demo_business_001,L0000156,2025-01-22,inflow,retail_sales,322.7,Daily retail sales receipts,
demo_business_001,L0000157,2025-01-23,inflow,retail_sales,347.6,Daily retail sales receipts,
demo_business_001,L0000158,2025-01-24,inflow,retail_sales,490.25,Daily retail sales receipts,
demo_business_001,L0000159,2025-01-25,inflow,retail_sales,467.65,Daily retail sales receipts,
demo_business_001,L0001021,2025-01-25,outflow,payroll,3948.25,Biweekly payroll,
demo_business_001,L0000160,2025-01-26,inflow,retail_sales,343.0,Daily retail sales receipts,
demo_business_001,L0000161,2025-01-27,inflow,retail_sales,215.65,Daily retail sales receipts,
demo_business_001,L0000162,2025-01-28,inflow,retail_sales,439.2,Daily retail sales receipts,
demo_business_001,L0000896,2025-01-28,outflow,inventory_restock,1753.34,Routine inventory / COGS restock,
demo_business_001,L0000163,2025-01-29,inflow,retail_sales,382.6,Daily retail sales receipts,
demo_business_001,L0000164,2025-01-30,inflow,retail_sales,239.6,Daily retail sales receipts,
demo_business_001,L0000165,2025-01-31,inflow,retail_sales,730.95,Daily retail sales receipts,
demo_business_001,L0000953,2025-02-01,outflow,rent,3200.0,Monthly rent,
demo_business_001,L0000954,2025-02-01,outflow,utilities,380.0,Monthly utilities,
demo_business_001,L0000955,2025-02-01,outflow,loan_payment,650.0,Equipment loan installment,
demo_business_001,L0000166,2025-02-01,inflow,retail_sales,623.35,Daily retail sales receipts,
demo_business_001,L0000167,2025-02-02,inflow,retail_sales,489.65,Daily retail sales receipts,
demo_business_001,L0000743,2025-02-03,inflow,wholesale_invoice_payment,855.0,Invoice payment from Oakview Elementary PTA,C003
demo_business_001,L0000168,2025-02-03,inflow,retail_sales,333.55,Daily retail sales receipts,
demo_business_001,L0000169,2025-02-04,inflow,retail_sales,273.75,Daily retail sales receipts,
demo_business_001,L0000170,2025-02-05,inflow,retail_sales,284.2,Daily retail sales receipts,
demo_business_001,L0000171,2025-02-06,inflow,retail_sales,228.25,Daily retail sales receipts,
demo_business_001,L0000172,2025-02-07,inflow,retail_sales,463.15,Daily retail sales receipts,
demo_business_001,L0001022,2025-02-08,outflow,payroll,3961.38,Biweekly payroll,
demo_business_001,L0000173,2025-02-08,inflow,retail_sales,519.4,Daily retail sales receipts,
demo_business_001,L0000174,2025-02-09,inflow,retail_sales,447.95,Daily retail sales receipts,
demo_business_001,L0000733,2025-02-10,inflow,wholesale_invoice_payment,624.0,Invoice payment from Maple & Co. Coworking,C002
demo_business_001,L0000175,2025-02-10,inflow,retail_sales,240.05,Daily retail sales receipts,
demo_business_001,L0000897,2025-02-11,outflow,inventory_restock,1792.03,Routine inventory / COGS restock,
demo_business_001,L0000176,2025-02-11,inflow,retail_sales,372.75,Daily retail sales receipts,
demo_business_001,L0000741,2025-02-12,inflow,wholesale_invoice_payment,446.0,Invoice payment from Riverside Office Park Cafeteria,C001
demo_business_001,L0000177,2025-02-12,inflow,retail_sales,324.7,Daily retail sales receipts,
demo_business_001,L0000178,2025-02-13,inflow,retail_sales,362.95,Daily retail sales receipts,
demo_business_001,L0000179,2025-02-14,inflow,retail_sales,379.75,Daily retail sales receipts,
demo_business_001,L0000180,2025-02-15,inflow,retail_sales,585.85,Daily retail sales receipts,
demo_business_001,L0000181,2025-02-16,inflow,retail_sales,488.5,Daily retail sales receipts,
demo_business_001,L0000182,2025-02-17,inflow,retail_sales,257.15,Daily retail sales receipts,
demo_business_001,L0000183,2025-02-18,inflow,retail_sales,329.8,Daily retail sales receipts,
demo_business_001,L0000742,2025-02-19,inflow,wholesale_invoice_payment,245.0,Invoice payment from Sunrise Diner,C004
demo_business_001,L0000184,2025-02-19,inflow,retail_sales,274.0,Daily retail sales receipts,
demo_business_001,L0000185,2025-02-20,inflow,retail_sales,299.75,Daily retail sales receipts,
demo_business_001,L0000186,2025-02-21,inflow,retail_sales,439.7,Daily retail sales receipts,
demo_business_001,L0000736,2025-02-22,inflow,wholesale_invoice_payment,210.0,Invoice payment from Maple & Co. Coworking,C002
demo_business_001,L0000187,2025-02-22,inflow,retail_sales,510.2,Daily retail sales receipts,
demo_business_001,L0001023,2025-02-22,outflow,payroll,3974.52,Biweekly payroll,
demo_business_001,L0000188,2025-02-23,inflow,retail_sales,393.2,Daily retail sales receipts,
demo_business_001,L0000189,2025-02-24,inflow,retail_sales,218.25,Daily retail sales receipts,
demo_business_001,L0000190,2025-02-25,inflow,retail_sales,290.1,Daily retail sales receipts,
demo_business_001,L0000898,2025-02-25,outflow,inventory_restock,1780.92,Routine inventory / COGS restock,
demo_business_001,L0000191,2025-02-26,inflow,retail_sales,200.9,Daily retail sales receipts,
demo_business_001,L0000192,2025-02-27,inflow,retail_sales,246.65,Daily retail sales receipts,
demo_business_001,L0000193,2025-02-28,inflow,retail_sales,376.0,Daily retail sales receipts,
demo_business_001,L0000194,2025-03-01,inflow,retail_sales,617.15,Daily retail sales receipts,
demo_business_001,L0000957,2025-03-01,outflow,utilities,380.0,Monthly utilities,
demo_business_001,L0000956,2025-03-01,outflow,rent,3200.0,Monthly rent,
demo_business_001,L0000958,2025-03-01,outflow,loan_payment,650.0,Equipment loan installment,
demo_business_001,L0000195,2025-03-02,inflow,retail_sales,427.1,Daily retail sales receipts,
demo_business_001,L0000196,2025-03-03,inflow,retail_sales,325.7,Daily retail sales receipts,
demo_business_001,L0000197,2025-03-04,inflow,retail_sales,328.25,Daily retail sales receipts,
demo_business_001,L0000198,2025-03-05,inflow,retail_sales,424.7,Daily retail sales receipts,
demo_business_001,L0000199,2025-03-06,inflow,retail_sales,377.9,Daily retail sales receipts,
demo_business_001,L0000200,2025-03-07,inflow,retail_sales,561.15,Daily retail sales receipts,
demo_business_001,L0000201,2025-03-08,inflow,retail_sales,669.8,Daily retail sales receipts,
demo_business_001,L0001024,2025-03-08,outflow,payroll,3987.65,Biweekly payroll,
demo_business_001,L0000202,2025-03-09,inflow,retail_sales,410.95,Daily retail sales receipts,
demo_business_001,L0000203,2025-03-10,inflow,retail_sales,277.6,Daily retail sales receipts,
demo_business_001,L0000738,2025-03-10,inflow,wholesale_invoice_payment,224.0,Invoice payment from Maple & Co. Coworking,C002
demo_business_001,L0000899,2025-03-11,outflow,inventory_restock,2060.24,Routine inventory / COGS restock,
demo_business_001,L0000204,2025-03-11,inflow,retail_sales,227.9,Daily retail sales receipts,
demo_business_001,L0000205,2025-03-12,inflow,retail_sales,255.7,Daily retail sales receipts,
demo_business_001,L0000206,2025-03-13,inflow,retail_sales,417.45,Daily retail sales receipts,
demo_business_001,L0000207,2025-03-14,inflow,retail_sales,454.25,Daily retail sales receipts,
demo_business_001,L0000208,2025-03-15,inflow,retail_sales,718.85,Daily retail sales receipts,
demo_business_001,L0000209,2025-03-16,inflow,retail_sales,523.1,Daily retail sales receipts,
demo_business_001,L0000745,2025-03-16,inflow,wholesale_invoice_payment,576.0,Invoice payment from Sunrise Diner,C004
demo_business_001,L0000210,2025-03-17,inflow,retail_sales,411.55,Daily retail sales receipts,
demo_business_001,L0000748,2025-03-18,inflow,wholesale_invoice_payment,384.0,Invoice payment from Oakview Elementary PTA,C003
demo_business_001,L0000211,2025-03-18,inflow,retail_sales,348.05,Daily retail sales receipts,
demo_business_001,L0000212,2025-03-19,inflow,retail_sales,314.5,Daily retail sales receipts,
demo_business_001,L0000213,2025-03-20,inflow,retail_sales,550.8,Daily retail sales receipts,
demo_business_001,L0000214,2025-03-21,inflow,retail_sales,610.2,Daily retail sales receipts,
demo_business_001,L0001025,2025-03-22,outflow,payroll,4000.79,Biweekly payroll,
demo_business_001,L0000215,2025-03-22,inflow,retail_sales,489.2,Daily retail sales receipts,
demo_business_001,L0000746,2025-03-23,inflow,wholesale_invoice_payment,256.0,Invoice payment from Riverside Office Park Cafeteria,C001
demo_business_001,L0000216,2025-03-23,inflow,retail_sales,447.1,Daily retail sales receipts,
demo_business_001,L0000217,2025-03-24,inflow,retail_sales,335.8,Daily retail sales receipts,
demo_business_001,L0000218,2025-03-25,inflow,retail_sales,285.85,Daily retail sales receipts,
demo_business_001,L0000900,2025-03-25,outflow,inventory_restock,2420.0,Routine inventory / COGS restock,
demo_business_001,L0000219,2025-03-26,inflow,retail_sales,414.8,Daily retail sales receipts,
demo_business_001,L0000220,2025-03-27,inflow,retail_sales,478.4,Daily retail sales receipts,
demo_business_001,L0000221,2025-03-28,inflow,retail_sales,696.35,Daily retail sales receipts,
demo_business_001,L0000222,2025-03-29,inflow,retail_sales,536.75,Daily retail sales receipts,
demo_business_001,L0000223,2025-03-30,inflow,retail_sales,584.05,Daily retail sales receipts,
demo_business_001,L0000224,2025-03-31,inflow,retail_sales,386.0,Daily retail sales receipts,
demo_business_001,L0000959,2025-04-01,outflow,rent,3200.0,Monthly rent,
demo_business_001,L0000961,2025-04-01,outflow,loan_payment,650.0,Equipment loan installment,
demo_business_001,L0000225,2025-04-01,inflow,retail_sales,355.6,Daily retail sales receipts,
demo_business_001,L0000960,2025-04-01,outflow,utilities,380.0,Monthly utilities,
demo_business_001,L0000226,2025-04-02,inflow,retail_sales,524.25,Daily retail sales receipts,
demo_business_001,L0000227,2025-04-03,inflow,retail_sales,394.6,Daily retail sales receipts,
demo_business_001,L0000228,2025-04-04,inflow,retail_sales,523.0,Daily retail sales receipts,
demo_business_001,L0000751,2025-04-05,inflow,wholesale_invoice_payment,784.0,Invoice payment from Sunrise Diner,C004
demo_business_001,L0001026,2025-04-05,outflow,payroll,4013.93,Biweekly payroll,
demo_business_001,L0000229,2025-04-05,inflow,retail_sales,553.9,Daily retail sales receipts,
demo_business_001,L0000230,2025-04-06,inflow,retail_sales,420.2,Daily retail sales receipts,
demo_business_001,L0000231,2025-04-07,inflow,retail_sales,484.8,Daily retail sales receipts,
demo_business_001,L0000901,2025-04-08,outflow,inventory_restock,2303.26,Routine inventory / COGS restock,
demo_business_001,L0000232,2025-04-08,inflow,retail_sales,334.15,Daily retail sales receipts,
demo_business_001,L0000233,2025-04-09,inflow,retail_sales,385.35,Daily retail sales receipts,
demo_business_001,L0000234,2025-04-10,inflow,retail_sales,508.45,Daily retail sales receipts,
demo_business_001,L0000753,2025-04-11,inflow,wholesale_invoice_payment,455.0,Invoice payment from Oakview Elementary PTA,C003
demo_business_001,L0000235,2025-04-11,inflow,retail_sales,620.35,Daily retail sales receipts,
demo_business_001,L0000236,2025-04-12,inflow,retail_sales,732.35,Daily retail sales receipts,
demo_business_001,L0000237,2025-04-13,inflow,retail_sales,477.95,Daily retail sales receipts,
demo_business_001,L0000749,2025-04-14,inflow,wholesale_invoice_payment,280.0,Invoice payment from Harbor View Hotel,C006
demo_business_001,L0000238,2025-04-14,inflow,retail_sales,308.45,Daily retail sales receipts,
demo_business_001,L0000239,2025-04-15,inflow,retail_sales,452.7,Daily retail sales receipts,
demo_business_001,L0000240,2025-04-16,inflow,retail_sales,544.1,Daily retail sales receipts,
demo_business_001,L0000241,2025-04-17,inflow,retail_sales,471.0,Daily retail sales receipts,
demo_business_001,L0000242,2025-04-18,inflow,retail_sales,737.55,Daily retail sales receipts,
demo_business_001,L0000243,2025-04-19,inflow,retail_sales,867.35,Daily retail sales receipts,
demo_business_001,L0001027,2025-04-19,outflow,payroll,4027.06,Biweekly payroll,
demo_business_001,L0000244,2025-04-20,inflow,retail_sales,448.45,Daily retail sales receipts,
demo_business_001,L0000245,2025-04-21,inflow,retail_sales,465.95,Daily retail sales receipts,
demo_business_001,L0000902,2025-04-22,outflow,inventory_restock,2687.23,Routine inventory / COGS restock,
demo_business_001,L0000246,2025-04-22,inflow,retail_sales,391.5,Daily retail sales receipts,
demo_business_001,L0000247,2025-04-23,inflow,retail_sales,623.7,Daily retail sales receipts,
demo_business_001,L0000248,2025-04-24,inflow,retail_sales,471.35,Daily retail sales receipts,
demo_business_001,L0000249,2025-04-25,inflow,retail_sales,435.8,Daily retail sales receipts,
demo_business_001,L0000250,2025-04-26,inflow,retail_sales,653.85,Daily retail sales receipts,
demo_business_001,L0000251,2025-04-27,inflow,retail_sales,644.05,Daily retail sales receipts,
demo_business_001,L0000252,2025-04-28,inflow,retail_sales,429.65,Daily retail sales receipts,
demo_business_001,L0000744,2025-04-28,inflow,wholesale_invoice_payment,210.0,Invoice payment from Maple & Co. Coworking,C002
demo_business_001,L0000253,2025-04-29,inflow,retail_sales,422.35,Daily retail sales receipts,
demo_business_001,L0000254,2025-04-30,inflow,retail_sales,408.45,Daily retail sales receipts,
demo_business_001,L0000255,2025-05-01,inflow,retail_sales,555.95,Daily retail sales receipts,
demo_business_001,L0000752,2025-05-01,inflow,wholesale_invoice_payment,288.0,Invoice payment from Riverside Office Park Cafeteria,C001
demo_business_001,L0000963,2025-05-01,outflow,utilities,380.0,Monthly utilities,
demo_business_001,L0000964,2025-05-01,outflow,loan_payment,650.0,Equipment loan installment,
demo_business_001,L0000962,2025-05-01,outflow,rent,3200.0,Monthly rent,
demo_business_001,L0000740,2025-05-02,inflow,wholesale_invoice_payment,810.0,Invoice payment from Maple & Co. Coworking,C002
demo_business_001,L0000256,2025-05-02,inflow,retail_sales,704.8,Daily retail sales receipts,
demo_business_001,L0001028,2025-05-03,outflow,payroll,4040.2,Biweekly payroll,
demo_business_001,L0000257,2025-05-03,inflow,retail_sales,684.45,Daily retail sales receipts,
demo_business_001,L0000258,2025-05-04,inflow,retail_sales,584.55,Daily retail sales receipts,
demo_business_001,L0000259,2025-05-05,inflow,retail_sales,445.65,Daily retail sales receipts,
demo_business_001,L0000747,2025-05-05,inflow,wholesale_invoice_payment,1290.0,Invoice payment from Third Street Bookshop Cafe,C005
demo_business_001,L0000260,2025-05-06,inflow,retail_sales,483.15,Daily retail sales receipts,
demo_business_001,L0000903,2025-05-06,outflow,inventory_restock,2497.08,Routine inventory / COGS restock,
demo_business_001,L0000261,2025-05-07,inflow,retail_sales,456.15,Daily retail sales receipts,
demo_business_001,L0000262,2025-05-08,inflow,retail_sales,531.0,Daily retail sales receipts,
demo_business_001,L0000263,2025-05-09,inflow,retail_sales,411.8,Daily retail sales receipts,
demo_business_001,L0000264,2025-05-10,inflow,retail_sales,694.9,Daily retail sales receipts,
demo_business_001,L0000265,2025-05-11,inflow,retail_sales,490.85,Daily retail sales receipts,
demo_business_001,L0000757,2025-05-11,inflow,wholesale_invoice_payment,960.0,Invoice payment from Sunrise Diner,C004
demo_business_001,L0000266,2025-05-12,inflow,retail_sales,217.15,Daily retail sales receipts,
demo_business_001,L0000267,2025-05-13,inflow,retail_sales,532.8,Daily retail sales receipts,
demo_business_001,L0000268,2025-05-14,inflow,retail_sales,468.3,Daily retail sales receipts,
demo_business_001,L0000269,2025-05-15,inflow,retail_sales,420.3,Daily retail sales receipts,
demo_business_001,L0000270,2025-05-16,inflow,retail_sales,608.35,Daily retail sales receipts,
demo_business_001,L0000762,2025-05-16,inflow,wholesale_invoice_payment,490.0,Invoice payment from Oakview Elementary PTA,C003
demo_business_001,L0000271,2025-05-17,inflow,retail_sales,657.3,Daily retail sales receipts,
demo_business_001,L0001029,2025-05-17,outflow,payroll,4053.33,Biweekly payroll,
demo_business_001,L0000755,2025-05-18,inflow,wholesale_invoice_payment,480.0,Invoice payment from Harbor View Hotel,C006
demo_business_001,L0000272,2025-05-18,inflow,retail_sales,538.85,Daily retail sales receipts,
demo_business_001,L0000273,2025-05-19,inflow,retail_sales,382.6,Daily retail sales receipts,
demo_business_001,L0000904,2025-05-20,outflow,inventory_restock,2870.46,Routine inventory / COGS restock,
demo_business_001,L0000274,2025-05-20,inflow,retail_sales,550.35,Daily retail sales receipts,
demo_business_001,L0000275,2025-05-21,inflow,retail_sales,559.7,Daily retail sales receipts,
demo_business_001,L0000758,2025-05-21,inflow,wholesale_invoice_payment,512.0,Invoice payment from Downtown Fitness Studio,C007
demo_business_001,L0000276,2025-05-22,inflow,retail_sales,424.05,Daily retail sales receipts,
demo_business_001,L0000277,2025-05-23,inflow,retail_sales,561.05,Daily retail sales receipts,
demo_business_001,L0000278,2025-05-24,inflow,retail_sales,700.7,Daily retail sales receipts,
demo_business_001,L0000279,2025-05-25,inflow,retail_sales,560.75,Daily retail sales receipts,
demo_business_001,L0000280,2025-05-26,inflow,retail_sales,334.8,Daily retail sales receipts,
demo_business_001,L0000281,2025-05-27,inflow,retail_sales,516.55,Daily retail sales receipts,
demo_business_001,L0000750,2025-05-28,inflow,wholesale_invoice_payment,704.0,Invoice payment from Maple & Co. Coworking,C002
demo_business_001,L0000282,2025-05-28,inflow,retail_sales,529.0,Daily retail sales receipts,
demo_business_001,L0000283,2025-05-29,inflow,retail_sales,523.35,Daily retail sales receipts,
demo_business_001,L0000284,2025-05-30,inflow,retail_sales,597.0,Daily retail sales receipts,
demo_business_001,L0000285,2025-05-31,inflow,retail_sales,687.75,Daily retail sales receipts,
demo_business_001,L0001030,2025-05-31,outflow,payroll,4066.47,Biweekly payroll,
demo_business_001,L0000965,2025-06-01,outflow,rent,3200.0,Monthly rent,
demo_business_001,L0000967,2025-06-01,outflow,loan_payment,650.0,Equipment loan installment,
demo_business_001,L0000966,2025-06-01,outflow,utilities,380.0,Monthly utilities,
demo_business_001,L0000286,2025-06-01,inflow,retail_sales,850.1,Daily retail sales receipts,
demo_business_001,L0000287,2025-06-02,inflow,retail_sales,514.9,Daily retail sales receipts,
demo_business_001,L0000905,2025-06-03,outflow,inventory_restock,2918.75,Routine inventory / COGS restock,
demo_business_001,L0000288,2025-06-03,inflow,retail_sales,381.4,Daily retail sales receipts,
demo_business_001,L0000289,2025-06-04,inflow,retail_sales,456.9,Daily retail sales receipts,
demo_business_001,L0000290,2025-06-05,inflow,retail_sales,653.0,Daily retail sales receipts,
demo_business_001,L0000291,2025-06-06,inflow,retail_sales,610.75,Daily retail sales receipts,
demo_business_001,L0000292,2025-06-07,inflow,retail_sales,724.35,Daily retail sales receipts,
demo_business_001,L0000293,2025-06-08,inflow,retail_sales,699.6,Daily retail sales receipts,
demo_business_001,L0000759,2025-06-08,inflow,wholesale_invoice_payment,175.0,Invoice payment from Riverside Office Park Cafeteria,C001
demo_business_001,L0000294,2025-06-09,inflow,retail_sales,467.1,Daily retail sales receipts,
demo_business_001,L0000295,2025-06-10,inflow,retail_sales,470.9,Daily retail sales receipts,
demo_business_001,L0000296,2025-06-11,inflow,retail_sales,374.95,Daily retail sales receipts,
demo_business_001,L0000297,2025-06-12,inflow,retail_sales,622.95,Daily retail sales receipts,
demo_business_001,L0000298,2025-06-13,inflow,retail_sales,664.45,Daily retail sales receipts,
demo_business_001,L0001031,2025-06-14,outflow,payroll,4079.6,Biweekly payroll,
demo_business_001,L0000299,2025-06-14,inflow,retail_sales,774.55,Daily retail sales receipts,
demo_business_001,L0000300,2025-06-15,inflow,retail_sales,688.8,Daily retail sales receipts,
demo_business_001,L0000765,2025-06-15,inflow,wholesale_invoice_payment,160.0,Invoice payment from Downtown Fitness Studio,C007
demo_business_001,L0000301,2025-06-16,inflow,retail_sales,482.55,Daily retail sales receipts,
demo_business_001,L0000906,2025-06-17,outflow,inventory_restock,2758.15,Routine inventory / COGS restock,
demo_business_001,L0000302,2025-06-17,inflow,retail_sales,393.5,Daily retail sales receipts,
demo_business_001,L0000303,2025-06-18,inflow,retail_sales,662.1,Daily retail sales receipts,
demo_business_001,L0000304,2025-06-19,inflow,retail_sales,613.65,Daily retail sales receipts,
demo_business_001,L0000768,2025-06-20,inflow,wholesale_invoice_payment,1080.0,Invoice payment from Oakview Elementary PTA,C003
demo_business_001,L0000305,2025-06-20,inflow,retail_sales,621.15,Daily retail sales receipts,
demo_business_001,L0000306,2025-06-21,inflow,retail_sales,838.3,Daily retail sales receipts,
demo_business_001,L0000307,2025-06-22,inflow,retail_sales,664.85,Daily retail sales receipts,
demo_business_001,L0000763,2025-06-22,inflow,wholesale_invoice_payment,192.0,Invoice payment from Harbor View Hotel,C006
demo_business_001,L0000308,2025-06-23,inflow,retail_sales,501.8,Daily retail sales receipts,
demo_business_001,L0000766,2025-06-23,inflow,wholesale_invoice_payment,341.0,Invoice payment from Green Valley Med Center Cafeteria,C008
demo_business_001,L0000309,2025-06-24,inflow,retail_sales,485.7,Daily retail sales receipts,
demo_business_001,L0000764,2025-06-24,inflow,wholesale_invoice_payment,280.0,Invoice payment from Sunrise Diner,C004
demo_business_001,L0000310,2025-06-25,inflow,retail_sales,438.95,Daily retail sales receipts,
demo_business_001,L0000311,2025-06-26,inflow,retail_sales,700.3,Daily retail sales receipts,
demo_business_001,L0000312,2025-06-27,inflow,retail_sales,710.35,Daily retail sales receipts,
demo_business_001,L0001032,2025-06-28,outflow,payroll,4092.74,Biweekly payroll,
demo_business_001,L0000313,2025-06-28,inflow,retail_sales,751.0,Daily retail sales receipts,
demo_business_001,L0000314,2025-06-29,inflow,retail_sales,512.9,Daily retail sales receipts,
demo_business_001,L0000315,2025-06-30,inflow,retail_sales,523.7,Daily retail sales receipts,
demo_business_001,L0000969,2025-07-01,outflow,utilities,437.0,Monthly utilities,
demo_business_001,L0000970,2025-07-01,outflow,loan_payment,650.0,Equipment loan installment,
demo_business_001,L0000968,2025-07-01,outflow,rent,3200.0,Monthly rent,
demo_business_001,L0000907,2025-07-01,outflow,inventory_restock,2934.88,Routine inventory / COGS restock,
demo_business_001,L0000316,2025-07-01,inflow,retail_sales,492.8,Daily retail sales receipts,
demo_business_001,L0000317,2025-07-02,inflow,retail_sales,403.45,Daily retail sales receipts,
demo_business_001,L0000318,2025-07-03,inflow,retail_sales,503.65,Daily retail sales receipts,
demo_business_001,L0000319,2025-07-04,inflow,retail_sales,789.2,Daily retail sales receipts,
demo_business_001,L0000320,2025-07-05,inflow,retail_sales,847.3,Daily retail sales receipts,
demo_business_001,L0000321,2025-07-06,inflow,retail_sales,518.35,Daily retail sales receipts,
demo_business_001,L0000322,2025-07-07,inflow,retail_sales,633.05,Daily retail sales receipts,
demo_business_001,L0000323,2025-07-08,inflow,retail_sales,625.4,Daily retail sales receipts,
demo_business_001,L0000769,2025-07-08,inflow,wholesale_invoice_payment,416.0,Invoice payment from Riverside Office Park Cafeteria,C001
demo_business_001,L0000324,2025-07-09,inflow,retail_sales,661.25,Daily retail sales receipts,
demo_business_001,L0000325,2025-07-10,inflow,retail_sales,737.7,Daily retail sales receipts,
demo_business_001,L0000326,2025-07-11,inflow,retail_sales,691.95,Daily retail sales receipts,
demo_business_001,L0001033,2025-07-12,outflow,payroll,4105.88,Biweekly payroll,
demo_business_001,L0000327,2025-07-12,inflow,retail_sales,931.85,Daily retail sales receipts,
demo_business_001,L0000328,2025-07-13,inflow,retail_sales,656.3,Daily retail sales receipts,
demo_business_001,L0000329,2025-07-14,inflow,retail_sales,542.2,Daily retail sales receipts,
demo_business_001,L0000330,2025-07-15,inflow,retail_sales,499.6,Daily retail sales receipts,
demo_business_001,L0000908,2025-07-15,outflow,inventory_restock,2935.64,Routine inventory / COGS restock,
demo_business_001,L0000331,2025-07-16,inflow,retail_sales,512.25,Daily retail sales receipts,
demo_business_001,L0000332,2025-07-17,inflow,retail_sales,438.15,Daily retail sales receipts,
demo_business_001,L0000333,2025-07-18,inflow,retail_sales,635.3,Daily retail sales receipts,
demo_business_001,L0000334,2025-07-19,inflow,retail_sales,665.0,Daily retail sales receipts,
demo_business_001,L0000335,2025-07-20,inflow,retail_sales,721.0,Daily retail sales receipts,
demo_business_001,L0000336,2025-07-21,inflow,retail_sales,364.15,Daily retail sales receipts,
demo_business_001,L0000337,2025-07-22,inflow,retail_sales,348.4,Daily retail sales receipts,
demo_business_001,L0000338,2025-07-23,inflow,retail_sales,570.15,Daily retail sales receipts,
demo_business_001,L0000339,2025-07-24,inflow,retail_sales,679.4,Daily retail sales receipts,
demo_business_001,L0000773,2025-07-25,inflow,wholesale_invoice_payment,1041.0,Invoice payment from Sunrise Diner,C004
demo_business_001,L0000754,2025-07-25,inflow,wholesale_invoice_payment,656.0,Invoice payment from Third Street Bookshop Cafe,C005
demo_business_001,L0000340,2025-07-25,inflow,retail_sales,534.85,Daily retail sales receipts,
demo_business_001,L0000341,2025-07-26,inflow,retail_sales,922.1,Daily retail sales receipts,
demo_business_001,L0000772,2025-07-26,inflow,wholesale_invoice_payment,140.0,Invoice payment from Downtown Fitness Studio,C007
demo_business_001,L0001034,2025-07-26,outflow,payroll,4119.01,Biweekly payroll,
demo_business_001,L0000342,2025-07-27,inflow,retail_sales,885.35,Daily retail sales receipts,
demo_business_001,L0000343,2025-07-28,inflow,retail_sales,375.8,Daily retail sales receipts,
demo_business_001,L0000344,2025-07-29,inflow,retail_sales,434.35,Daily retail sales receipts,
demo_business_001,L0000909,2025-07-29,outflow,inventory_restock,2913.14,Routine inventory / COGS restock,
demo_business_001,L0000345,2025-07-30,inflow,retail_sales,527.55,Daily retail sales receipts,
demo_business_001,L0000346,2025-07-31,inflow,retail_sales,773.45,Daily retail sales receipts,
demo_business_001,L0000771,2025-07-31,inflow,wholesale_invoice_payment,512.0,Invoice payment from Harbor View Hotel,C006
demo_business_001,L0000971,2025-08-01,outflow,rent,3200.0,Monthly rent,
demo_business_001,L0000973,2025-08-01,outflow,loan_payment,650.0,Equipment loan installment,
demo_business_001,L0000972,2025-08-01,outflow,utilities,437.0,Monthly utilities,
demo_business_001,L0000347,2025-08-01,inflow,retail_sales,625.8,Daily retail sales receipts,
demo_business_001,L0000756,2025-08-02,inflow,wholesale_invoice_payment,1620.0,Invoice payment from Maple & Co. Coworking,C002
demo_business_001,L0000348,2025-08-02,inflow,retail_sales,896.4,Daily retail sales receipts,
demo_business_001,L0000779,2025-08-03,inflow,wholesale_invoice_payment,480.0,Invoice payment from Riverside Office Park Cafeteria,C001
demo_business_001,L0000349,2025-08-03,inflow,retail_sales,619.45,Daily retail sales receipts,
demo_business_001,L0000350,2025-08-04,inflow,retail_sales,430.1,Daily retail sales receipts,
demo_business_001,L0000351,2025-08-05,inflow,retail_sales,348.15,Daily retail sales receipts,
demo_business_001,L0000780,2025-08-06,inflow,wholesale_invoice_payment,912.0,Invoice payment from Oakview Elementary PTA,C003
demo_business_001,L0000352,2025-08-06,inflow,retail_sales,635.75,Daily retail sales receipts,
demo_business_001,L0000353,2025-08-07,inflow,retail_sales,622.75,Daily retail sales receipts,
demo_business_001,L0000354,2025-08-08,inflow,retail_sales,588.1,Daily retail sales receipts,
demo_business_001,L0000775,2025-08-08,inflow,wholesale_invoice_payment,288.0,Invoice payment from Green Valley Med Center Cafeteria,C008
demo_business_001,L0000355,2025-08-09,inflow,retail_sales,828.25,Daily retail sales receipts,
demo_business_001,L0001035,2025-08-09,outflow,payroll,4132.15,Biweekly payroll,
demo_business_001,L0000356,2025-08-10,inflow,retail_sales,636.9,Daily retail sales receipts,
demo_business_001,L0000357,2025-08-11,inflow,retail_sales,495.6,Daily retail sales receipts,
demo_business_001,L0000358,2025-08-12,inflow,retail_sales,645.05,Daily retail sales receipts,
demo_business_001,L0000910,2025-08-12,outflow,inventory_restock,3042.77,Routine inventory / COGS restock,
demo_business_001,L0000359,2025-08-13,inflow,retail_sales,484.25,Daily retail sales receipts,
demo_business_001,L0000776,2025-08-14,inflow,wholesale_invoice_payment,2265.0,Invoice payment from Lakeside University Faculty Club,C009
demo_business_001,L0000360,2025-08-14,inflow,retail_sales,366.1,Daily retail sales receipts,
demo_business_001,L0000361,2025-08-15,inflow,retail_sales,581.75,Daily retail sales receipts,
demo_business_001,L0000362,2025-08-16,inflow,retail_sales,653.55,Daily retail sales receipts,
demo_business_001,L0000363,2025-08-17,inflow,retail_sales,599.85,Daily retail sales receipts,
demo_business_001,L0000364,2025-08-18,inflow,retail_sales,385.1,Daily retail sales receipts,
demo_business_001,L0000365,2025-08-19,inflow,retail_sales,452.2,Daily retail sales receipts,
demo_business_001,L0000366,2025-08-20,inflow,retail_sales,522.0,Daily retail sales receipts,
demo_business_001,L0000367,2025-08-21,inflow,retail_sales,585.6,Daily retail sales receipts,
demo_business_001,L0000368,2025-08-22,inflow,retail_sales,751.8,Daily retail sales receipts,
demo_business_001,L0001036,2025-08-23,outflow,payroll,4145.28,Biweekly payroll,
demo_business_001,L0000369,2025-08-23,inflow,retail_sales,884.3,Daily retail sales receipts,
demo_business_001,L0000370,2025-08-24,inflow,retail_sales,899.7,Daily retail sales receipts,
demo_business_001,L0000371,2025-08-25,inflow,retail_sales,564.8,Daily retail sales receipts,
demo_business_001,L0000372,2025-08-26,inflow,retail_sales,514.35,Daily retail sales receipts,
demo_business_001,L0000911,2025-08-26,outflow,inventory_restock,2676.04,Routine inventory / COGS restock,
demo_business_001,L0000778,2025-08-26,inflow,wholesale_invoice_payment,352.0,Invoice payment from Harbor View Hotel,C006
demo_business_001,L0000782,2025-08-27,inflow,wholesale_invoice_payment,350.0,Invoice payment from Sunrise Diner,C004
demo_business_001,L0000373,2025-08-27,inflow,retail_sales,480.15,Daily retail sales receipts,
demo_business_001,L0000374,2025-08-28,inflow,retail_sales,505.95,Daily retail sales receipts,
demo_business_001,L0000375,2025-08-29,inflow,retail_sales,653.3,Daily retail sales receipts,
demo_business_001,L0000376,2025-08-30,inflow,retail_sales,771.5,Daily retail sales receipts,
demo_business_001,L0000761,2025-08-30,inflow,wholesale_invoice_payment,768.0,Invoice payment from Third Street Bookshop Cafe,C005
demo_business_001,L0000760,2025-08-30,inflow,wholesale_invoice_payment,416.0,Invoice payment from Maple & Co. Coworking,C002
demo_business_001,L0000377,2025-08-31,inflow,retail_sales,617.45,Daily retail sales receipts,
demo_business_001,L0000976,2025-09-01,outflow,loan_payment,650.0,Equipment loan installment,
demo_business_001,L0000378,2025-09-01,inflow,retail_sales,435.1,Daily retail sales receipts,
demo_business_001,L0000974,2025-09-01,outflow,rent,3200.0,Monthly rent,
demo_business_001,L0000975,2025-09-01,outflow,utilities,380.0,Monthly utilities,
demo_business_001,L0000379,2025-09-02,inflow,retail_sales,436.95,Daily retail sales receipts,
demo_business_001,L0000783,2025-09-02,inflow,wholesale_invoice_payment,448.0,Invoice payment from Green Valley Med Center Cafeteria,C008
demo_business_001,L0000380,2025-09-03,inflow,retail_sales,529.25,Daily retail sales receipts,
demo_business_001,L0000381,2025-09-04,inflow,retail_sales,547.9,Daily retail sales receipts,
demo_business_001,L0000382,2025-09-05,inflow,retail_sales,623.55,Daily retail sales receipts,
demo_business_001,L0000781,2025-09-06,inflow,wholesale_invoice_payment,1890.0,Invoice payment from Downtown Fitness Studio,C007
demo_business_001,L0001037,2025-09-06,outflow,payroll,4158.42,Biweekly payroll,
demo_business_001,L0000383,2025-09-06,inflow,retail_sales,686.8,Daily retail sales receipts,
demo_business_001,L0000384,2025-09-07,inflow,retail_sales,703.2,Daily retail sales receipts,
demo_business_001,L0000385,2025-09-08,inflow,retail_sales,651.35,Daily retail sales receipts,
demo_business_001,L0000912,2025-09-09,outflow,inventory_restock,2934.73,Routine inventory / COGS restock,
demo_business_001,L0000386,2025-09-09,inflow,retail_sales,424.25,Daily retail sales receipts,
demo_business_001,L0000387,2025-09-10,inflow,retail_sales,569.6,Daily retail sales receipts,
demo_business_001,L0000774,2025-09-10,inflow,wholesale_invoice_payment,672.0,Invoice payment from Third Street Bookshop Cafe,C005
demo_business_001,L0000388,2025-09-11,inflow,retail_sales,533.9,Daily retail sales receipts,
demo_business_001,L0000786,2025-09-11,inflow,wholesale_invoice_payment,525.0,Invoice payment from Riverside Office Park Cafeteria,C001
demo_business_001,L0000789,2025-09-12,inflow,wholesale_invoice_payment,791.0,Invoice payment from Oakview Elementary PTA,C003
demo_business_001,L0000389,2025-09-12,inflow,retail_sales,567.75,Daily retail sales receipts,
demo_business_001,L0000390,2025-09-13,inflow,retail_sales,707.8,Daily retail sales receipts,
demo_business_001,L0000391,2025-09-14,inflow,retail_sales,806.8,Daily retail sales receipts,
demo_business_001,L0000392,2025-09-15,inflow,retail_sales,450.1,Daily retail sales receipts,
demo_business_001,L0000393,2025-09-16,inflow,retail_sales,473.25,Daily retail sales receipts,
demo_business_001,L0000394,2025-09-17,inflow,retail_sales,723.0,Daily retail sales receipts,
demo_business_001,L0000395,2025-09-18,inflow,retail_sales,562.4,Daily retail sales receipts,
demo_business_001,L0000396,2025-09-19,inflow,retail_sales,489.9,Daily retail sales receipts,
demo_business_001,L0000397,2025-09-20,inflow,retail_sales,622.95,Daily retail sales receipts,
demo_business_001,L0001038,2025-09-20,outflow,payroll,4171.56,Biweekly payroll,
demo_business_001,L0000777,2025-09-21,inflow,wholesale_invoice_payment,1210.0,Invoice payment from Maple & Co. Coworking,C002
demo_business_001,L0000398,2025-09-21,inflow,retail_sales,695.6,Daily retail sales receipts,
demo_business_001,L0000399,2025-09-22,inflow,retail_sales,369.15,Daily retail sales receipts,
demo_business_001,L0000913,2025-09-23,outflow,inventory_restock,3142.22,Routine inventory / COGS restock,
demo_business_001,L0000400,2025-09-23,inflow,retail_sales,449.8,Daily retail sales receipts,
demo_business_001,L0000401,2025-09-24,inflow,retail_sales,425.8,Daily retail sales receipts,
demo_business_001,L0000402,2025-09-25,inflow,retail_sales,717.05,Daily retail sales receipts,
demo_business_001,L0000787,2025-09-26,inflow,wholesale_invoice_payment,672.0,Invoice payment from Lakeside University Faculty Club,C009
demo_business_001,L0000403,2025-09-26,inflow,retail_sales,731.95,Daily retail sales receipts,
demo_business_001,L0000404,2025-09-27,inflow,retail_sales,738.3,Daily retail sales receipts,
demo_business_001,L0000405,2025-09-28,inflow,retail_sales,719.85,Daily retail sales receipts,
demo_business_001,L0000406,2025-09-29,inflow,retail_sales,485.65,Daily retail sales receipts,
demo_business_001,L0000767,2025-09-29,inflow,wholesale_invoice_payment,629.0,Invoice payment from Third Street Bookshop Cafe,C005
demo_business_001,L0000407,2025-09-30,inflow,retail_sales,442.85,Daily retail sales receipts,
demo_business_001,L0000979,2025-10-01,outflow,loan_payment,650.0,Equipment loan installment,
demo_business_001,L0000408,2025-10-01,inflow,retail_sales,373.2,Daily retail sales receipts,
demo_business_001,L0000785,2025-10-01,inflow,wholesale_invoice_payment,1008.0,Invoice payment from Harbor View Hotel,C006
demo_business_001,L0000977,2025-10-01,outflow,rent,3200.0,Monthly rent,
demo_business_001,L0000978,2025-10-01,outflow,utilities,380.0,Monthly utilities,
demo_business_001,L0000409,2025-10-02,inflow,retail_sales,418.55,Daily retail sales receipts,
demo_business_001,L0000410,2025-10-03,inflow,retail_sales,618.9,Daily retail sales receipts,
demo_business_001,L0000790,2025-10-04,inflow,wholesale_invoice_payment,544.0,Invoice payment from Green Valley Med Center Cafeteria,C008
demo_business_001,L0001039,2025-10-04,outflow,payroll,4184.69,Biweekly payroll,
demo_business_001,L0000411,2025-10-04,inflow,retail_sales,728.7,Daily retail sales receipts,
demo_business_001,L0000412,2025-10-05,inflow,retail_sales,637.7,Daily retail sales receipts,
demo_business_001,L0000770,2025-10-06,inflow,wholesale_invoice_payment,1741.0,Invoice payment from Maple & Co. Coworking,C002
demo_business_001,L0000413,2025-10-06,inflow,retail_sales,626.55,Daily retail sales receipts,
demo_business_001,L0000914,2025-10-07,outflow,inventory_restock,2834.29,Routine inventory / COGS restock,
demo_business_001,L0000414,2025-10-07,inflow,retail_sales,366.5,Daily retail sales receipts,
demo_business_001,L0000937,2025-10-08,outflow,inventory_restock,23000.0,"Bulk pre-holiday inventory prepay (beans, merch, packaging)",
demo_business_001,L0000415,2025-10-08,inflow,retail_sales,464.2,Daily retail sales receipts,
demo_business_001,L0000416,2025-10-09,inflow,retail_sales,499.05,Daily retail sales receipts,
demo_business_001,L0000417,2025-10-10,inflow,retail_sales,493.15,Daily retail sales receipts,
demo_business_001,L0000799,2025-10-11,inflow,wholesale_invoice_payment,2146.0,Invoice payment from Oakview Elementary PTA,C003
demo_business_001,L0000418,2025-10-11,inflow,retail_sales,905.45,Daily retail sales receipts,
demo_business_001,L0000419,2025-10-12,inflow,retail_sales,748.45,Daily retail sales receipts,
demo_business_001,L0000794,2025-10-12,inflow,wholesale_invoice_payment,352.0,Invoice payment from Northgate Bakery Supply Co-op,C010
demo_business_001,L0000792,2025-10-13,inflow,wholesale_invoice_payment,1044.0,Invoice payment from Sunrise Diner,C004
demo_business_001,L0000793,2025-10-13,inflow,wholesale_invoice_payment,672.0,Invoice payment from Downtown Fitness Studio,C007
demo_business_001,L0000420,2025-10-13,inflow,retail_sales,436.25,Daily retail sales receipts,
demo_business_001,L0000421,2025-10-14,inflow,retail_sales,404.95,Daily retail sales receipts,
demo_business_001,L0000422,2025-10-15,inflow,retail_sales,699.35,Daily retail sales receipts,
demo_business_001,L0000423,2025-10-16,inflow,retail_sales,700.2,Daily retail sales receipts,
demo_business_001,L0000796,2025-10-16,inflow,wholesale_invoice_payment,105.0,Invoice payment from Riverside Office Park Cafeteria,C001
demo_business_001,L0000424,2025-10-17,inflow,retail_sales,672.4,Daily retail sales receipts,
demo_business_001,L0001040,2025-10-18,outflow,payroll,4197.83,Biweekly payroll,
demo_business_001,L0000425,2025-10-18,inflow,retail_sales,649.45,Daily retail sales receipts,
demo_business_001,L0000426,2025-10-19,inflow,retail_sales,568.1,Daily retail sales receipts,
demo_business_001,L0000427,2025-10-20,inflow,retail_sales,401.1,Daily retail sales receipts,
demo_business_001,L0000915,2025-10-21,outflow,inventory_restock,2925.37,Routine inventory / COGS restock,
demo_business_001,L0000428,2025-10-21,inflow,retail_sales,550.45,Daily retail sales receipts,
demo_business_001,L0000429,2025-10-22,inflow,retail_sales,320.6,Daily retail sales receipts,
demo_business_001,L0000430,2025-10-23,inflow,retail_sales,399.6,Daily retail sales receipts,
demo_business_001,L0000431,2025-10-24,inflow,retail_sales,611.85,Daily retail sales receipts,
demo_business_001,L0000432,2025-10-25,inflow,retail_sales,601.7,Daily retail sales receipts,
demo_business_001,L0000433,2025-10-26,inflow,retail_sales,838.95,Daily retail sales receipts,
demo_business_001,L0000434,2025-10-27,inflow,retail_sales,467.0,Daily retail sales receipts,
demo_business_001,L0000435,2025-10-28,inflow,retail_sales,526.85,Daily retail sales receipts,
demo_business_001,L0000795,2025-10-28,inflow,wholesale_invoice_payment,976.0,Invoice payment from Lakeside University Faculty Club,C009
demo_business_001,L0000784,2025-10-29,inflow,wholesale_invoice_payment,256.0,Invoice payment from Third Street Bookshop Cafe,C005
demo_business_001,L0000436,2025-10-29,inflow,retail_sales,438.35,Daily retail sales receipts,
demo_business_001,L0000437,2025-10-30,inflow,retail_sales,442.3,Daily retail sales receipts,
demo_business_001,L0000438,2025-10-31,inflow,retail_sales,734.7,Daily retail sales receipts,
demo_business_001,L0000802,2025-11-01,inflow,wholesale_invoice_payment,280.0,Invoice payment from Downtown Fitness Studio,C007
demo_business_001,L0000439,2025-11-01,inflow,retail_sales,954.7,Daily retail sales receipts,
demo_business_001,L0000982,2025-11-01,outflow,loan_payment,650.0,Equipment loan installment,
demo_business_001,L0000980,2025-11-01,outflow,rent,3200.0,Monthly rent,
demo_business_001,L0001041,2025-11-01,outflow,payroll,4210.96,Biweekly payroll,
demo_business_001,L0000981,2025-11-01,outflow,utilities,380.0,Monthly utilities,
demo_business_001,L0000440,2025-11-02,inflow,retail_sales,788.0,Daily retail sales receipts,
demo_business_001,L0000441,2025-11-03,inflow,retail_sales,584.8,Daily retail sales receipts,
demo_business_001,L0000800,2025-11-03,inflow,wholesale_invoice_payment,1059.0,Invoice payment from Sunrise Diner,C004
demo_business_001,L0000442,2025-11-04,inflow,retail_sales,544.15,Daily retail sales receipts,
demo_business_001,L0000916,2025-11-04,outflow,inventory_restock,3066.69,Routine inventory / COGS restock,
demo_business_001,L0000443,2025-11-05,inflow,retail_sales,456.2,Daily retail sales receipts,
demo_business_001,L0000444,2025-11-06,inflow,retail_sales,958.85,Daily retail sales receipts,
demo_business_001,L0000445,2025-11-07,inflow,retail_sales,839.55,Daily retail sales receipts,
demo_business_001,L0000801,2025-11-08,inflow,wholesale_invoice_payment,768.0,Invoice payment from Green Valley Med Center Cafeteria,C008
demo_business_001,L0000446,2025-11-08,inflow,retail_sales,704.15,Daily retail sales receipts,
demo_business_001,L0000806,2025-11-08,inflow,wholesale_invoice_payment,512.0,Invoice payment from Oakview Elementary PTA,C003
demo_business_001,L0000447,2025-11-09,inflow,retail_sales,876.7,Daily retail sales receipts,
demo_business_001,L0000448,2025-11-10,inflow,retail_sales,475.35,Daily retail sales receipts,
demo_business_001,L0000449,2025-11-11,inflow,retail_sales,450.9,Daily retail sales receipts,
demo_business_001,L0000450,2025-11-12,inflow,retail_sales,543.4,Daily retail sales receipts,
demo_business_001,L0000797,2025-11-12,inflow,wholesale_invoice_payment,480.0,Invoice payment from Harbor View Hotel,C006
demo_business_001,L0000451,2025-11-13,inflow,retail_sales,563.75,Daily retail sales receipts,
demo_business_001,L0000452,2025-11-14,inflow,retail_sales,694.1,Daily retail sales receipts,
demo_business_001,L0000453,2025-11-15,inflow,retail_sales,1056.85,Daily retail sales receipts,
demo_business_001,L0001042,2025-11-15,outflow,payroll,4224.1,Biweekly payroll,
demo_business_001,L0000804,2025-11-15,inflow,wholesale_invoice_payment,896.0,Invoice payment from Northgate Bakery Supply Co-op,C010
demo_business_001,L0000454,2025-11-16,inflow,retail_sales,723.05,Daily retail sales receipts,
demo_business_001,L0000455,2025-11-17,inflow,retail_sales,354.45,Daily retail sales receipts,
demo_business_001,L0000917,2025-11-18,outflow,inventory_restock,3556.08,Routine inventory / COGS restock,
demo_business_001,L0000456,2025-11-18,inflow,retail_sales,442.5,Daily retail sales receipts,
demo_business_001,L0000457,2025-11-19,inflow,retail_sales,534.8,Daily retail sales receipts,
demo_business_001,L0000458,2025-11-20,inflow,retail_sales,754.65,Daily retail sales receipts,
demo_business_001,L0000459,2025-11-21,inflow,retail_sales,911.05,Daily retail sales receipts,
demo_business_001,L0000460,2025-11-22,inflow,retail_sales,782.75,Daily retail sales receipts,
demo_business_001,L0000461,2025-11-23,inflow,retail_sales,841.6,Daily retail sales receipts,
demo_business_001,L0000462,2025-11-24,inflow,retail_sales,514.8,Daily retail sales receipts,
demo_business_001,L0000463,2025-11-25,inflow,retail_sales,451.0,Daily retail sales receipts,
demo_business_001,L0000464,2025-11-26,inflow,retail_sales,478.1,Daily retail sales receipts,
demo_business_001,L0000465,2025-11-27,inflow,retail_sales,481.15,Daily retail sales receipts,
demo_business_001,L0000805,2025-11-27,inflow,wholesale_invoice_payment,944.0,Invoice payment from Lakeside University Faculty Club,C009
demo_business_001,L0000466,2025-11-28,inflow,retail_sales,782.85,Daily retail sales receipts,
demo_business_001,L0000810,2025-11-28,inflow,wholesale_invoice_payment,624.0,Invoice payment from Sunrise Diner,C004
demo_business_001,L0001043,2025-11-29,outflow,payroll,4237.23,Biweekly payroll,
demo_business_001,L0000467,2025-11-29,inflow,retail_sales,1017.1,Daily retail sales receipts,
demo_business_001,L0000808,2025-11-30,inflow,wholesale_invoice_payment,768.0,Invoice payment from Riverside Office Park Cafeteria,C001
demo_business_001,L0000798,2025-11-30,inflow,wholesale_invoice_payment,597.0,Invoice payment from Maple & Co. Coworking,C002
demo_business_001,L0000468,2025-11-30,inflow,retail_sales,728.9,Daily retail sales receipts,
demo_business_001,L0000469,2025-12-01,inflow,retail_sales,550.05,Daily retail sales receipts,
demo_business_001,L0000985,2025-12-01,outflow,loan_payment,650.0,Equipment loan installment,
demo_business_001,L0000984,2025-12-01,outflow,utilities,437.0,Monthly utilities,
demo_business_001,L0000983,2025-12-01,outflow,rent,3200.0,Monthly rent,
demo_business_001,L0000470,2025-12-02,inflow,retail_sales,471.15,Daily retail sales receipts,
demo_business_001,L0000918,2025-12-02,outflow,inventory_restock,3822.45,Routine inventory / COGS restock,
demo_business_001,L0000471,2025-12-03,inflow,retail_sales,691.85,Daily retail sales receipts,
demo_business_001,L0000472,2025-12-04,inflow,retail_sales,657.65,Daily retail sales receipts,
demo_business_001,L0000473,2025-12-05,inflow,retail_sales,925.1,Daily retail sales receipts,
demo_business_001,L0000474,2025-12-06,inflow,retail_sales,859.15,Daily retail sales receipts,
demo_business_001,L0000475,2025-12-07,inflow,retail_sales,911.0,Daily retail sales receipts,
demo_business_001,L0000791,2025-12-07,inflow,wholesale_invoice_payment,384.0,Invoice payment from Third Street Bookshop Cafe,C005
demo_business_001,L0000476,2025-12-08,inflow,retail_sales,605.7,Daily retail sales receipts,
demo_business_001,L0000814,2025-12-08,inflow,wholesale_invoice_payment,864.0,Invoice payment from Northgate Bakery Supply Co-op,C010
demo_business_001,L0000477,2025-12-09,inflow,retail_sales,681.5,Daily retail sales receipts,
demo_business_001,L0000812,2025-12-09,inflow,wholesale_invoice_payment,384.0,Invoice payment from Downtown Fitness Studio,C007
demo_business_001,L0000478,2025-12-10,inflow,retail_sales,565.95,Daily retail sales receipts,
demo_business_001,L0000479,2025-12-11,inflow,retail_sales,767.65,Daily retail sales receipts,
demo_business_001,L0000480,2025-12-12,inflow,retail_sales,1150.8,Daily retail sales receipts,
demo_business_001,L0000481,2025-12-13,inflow,retail_sales,1049.25,Daily retail sales receipts,
demo_business_001,L0001044,2025-12-13,outflow,payroll,4250.37,Biweekly payroll,
demo_business_001,L0000816,2025-12-14,inflow,wholesale_invoice_payment,192.0,Invoice payment from Oakview Elementary PTA,C003
demo_business_001,L0000482,2025-12-14,inflow,retail_sales,778.9,Daily retail sales receipts,
demo_business_001,L0000811,2025-12-15,inflow,wholesale_invoice_payment,303.0,Invoice payment from Green Valley Med Center Cafeteria,C008
demo_business_001,L0000483,2025-12-15,inflow,retail_sales,493.9,Daily retail sales receipts,
demo_business_001,L0000809,2025-12-16,inflow,wholesale_invoice_payment,1695.0,Invoice payment from Harbor View Hotel,C006
demo_business_001,L0000484,2025-12-16,inflow,retail_sales,628.7,Daily retail sales receipts,
demo_business_001,L0000919,2025-12-16,outflow,inventory_restock,3388.02,Routine inventory / COGS restock,
demo_business_001,L0000485,2025-12-17,inflow,retail_sales,635.25,Daily retail sales receipts,
demo_business_001,L0000486,2025-12-18,inflow,retail_sales,739.7,Daily retail sales receipts,
demo_business_001,L0000788,2025-12-18,inflow,wholesale_invoice_payment,906.0,Invoice payment from Maple & Co. Coworking,C002
demo_business_001,L0000817,2025-12-18,inflow,wholesale_invoice_payment,416.0,Invoice payment from Riverside Office Park Cafeteria,C001
demo_business_001,L0000487,2025-12-19,inflow,retail_sales,807.75,Daily retail sales receipts,
demo_business_001,L0000488,2025-12-20,inflow,retail_sales,1022.2,Daily retail sales receipts,
demo_business_001,L0000489,2025-12-21,inflow,retail_sales,936.45,Daily retail sales receipts,
demo_business_001,L0000490,2025-12-22,inflow,retail_sales,500.1,Daily retail sales receipts,
demo_business_001,L0000491,2025-12-23,inflow,retail_sales,532.25,Daily retail sales receipts,
demo_business_001,L0000492,2025-12-24,inflow,retail_sales,526.35,Daily retail sales receipts,
demo_business_001,L0000493,2025-12-25,inflow,retail_sales,850.35,Daily retail sales receipts,
demo_business_001,L0000494,2025-12-26,inflow,retail_sales,912.55,Daily retail sales receipts,
demo_business_001,L0000495,2025-12-27,inflow,retail_sales,1148.75,Daily retail sales receipts,
demo_business_001,L0001045,2025-12-27,outflow,payroll,4263.51,Biweekly payroll,
demo_business_001,L0000496,2025-12-28,inflow,retail_sales,638.15,Daily retail sales receipts,
demo_business_001,L0000497,2025-12-29,inflow,retail_sales,670.8,Daily retail sales receipts,
demo_business_001,L0000920,2025-12-30,outflow,inventory_restock,4016.04,Routine inventory / COGS restock,
demo_business_001,L0000498,2025-12-30,inflow,retail_sales,789.55,Daily retail sales receipts,
demo_business_001,L0000499,2025-12-31,inflow,retail_sales,623.8,Daily retail sales receipts,
demo_business_001,L0000500,2026-01-01,inflow,retail_sales,383.8,Daily retail sales receipts,
demo_business_001,L0000822,2026-01-01,inflow,wholesale_invoice_payment,128.0,Invoice payment from Downtown Fitness Studio,C007
demo_business_001,L0000988,2026-01-01,outflow,loan_payment,650.0,Equipment loan installment,
demo_business_001,L0000987,2026-01-01,outflow,utilities,437.0,Monthly utilities,
demo_business_001,L0000986,2026-01-01,outflow,rent,3200.0,Monthly rent,
demo_business_001,L0000501,2026-01-02,inflow,retail_sales,344.35,Daily retail sales receipts,
demo_business_001,L0000502,2026-01-03,inflow,retail_sales,405.8,Daily retail sales receipts,
demo_business_001,L0000820,2026-01-03,inflow,wholesale_invoice_payment,1536.0,Invoice payment from Sunrise Diner,C004
demo_business_001,L0000503,2026-01-04,inflow,retail_sales,540.35,Daily retail sales receipts,
demo_business_001,L0000504,2026-01-05,inflow,retail_sales,316.25,Daily retail sales receipts,
demo_business_001,L0000818,2026-01-05,inflow,wholesale_invoice_payment,548.0,Invoice payment from Harbor View Hotel,C006
demo_business_001,L0000505,2026-01-06,inflow,retail_sales,358.55,Daily retail sales receipts,
demo_business_001,L0000827,2026-01-07,inflow,wholesale_invoice_payment,864.0,Invoice payment from Oakview Elementary PTA,C003
demo_business_001,L0000506,2026-01-07,inflow,retail_sales,266.55,Daily retail sales receipts,
demo_business_001,L0000813,2026-01-07,inflow,wholesale_invoice_payment,1152.0,Invoice payment from Lakeside University Faculty Club,C009
demo_business_001,L0000507,2026-01-08,inflow,retail_sales,474.7,Daily retail sales receipts,
demo_business_001,L0000508,2026-01-09,inflow,retail_sales,392.75,Daily retail sales receipts,
demo_business_001,L0000509,2026-01-10,inflow,retail_sales,510.45,Daily retail sales receipts,
demo_business_001,L0001046,2026-01-10,outflow,payroll,4276.64,Biweekly payroll,
demo_business_001,L0000803,2026-01-10,inflow,wholesale_invoice_payment,800.0,Invoice payment from Third Street Bookshop Cafe,C005
demo_business_001,L0000510,2026-01-11,inflow,retail_sales,376.7,Daily retail sales receipts,
demo_business_001,L0000511,2026-01-12,inflow,retail_sales,177.8,Daily retail sales receipts,
demo_business_001,L0000921,2026-01-13,outflow,inventory_restock,2090.73,Routine inventory / COGS restock,
demo_business_001,L0000512,2026-01-13,inflow,retail_sales,369.9,Daily retail sales receipts,
demo_business_001,L0000513,2026-01-14,inflow,retail_sales,306.3,Daily retail sales receipts,
demo_business_001,L0000821,2026-01-15,inflow,wholesale_invoice_payment,704.0,Invoice payment from Green Valley Med Center Cafeteria,C008
demo_business_001,L0000514,2026-01-15,inflow,retail_sales,494.45,Daily retail sales receipts,
demo_business_001,L0000515,2026-01-16,inflow,retail_sales,515.85,Daily retail sales receipts,
demo_business_001,L0000516,2026-01-17,inflow,retail_sales,425.4,Daily retail sales receipts,
demo_business_001,L0000517,2026-01-18,inflow,retail_sales,407.25,Daily retail sales receipts,
demo_business_001,L0000518,2026-01-19,inflow,retail_sales,258.85,Daily retail sales receipts,
demo_business_001,L0000519,2026-01-20,inflow,retail_sales,344.1,Daily retail sales receipts,
demo_business_001,L0000520,2026-01-21,inflow,retail_sales,467.85,Daily retail sales receipts,
demo_business_001,L0000825,2026-01-22,inflow,wholesale_invoice_payment,576.0,Invoice payment from Northgate Bakery Supply Co-op,C010
demo_business_001,L0000521,2026-01-22,inflow,retail_sales,419.55,Daily retail sales receipts,
demo_business_001,L0000522,2026-01-23,inflow,retail_sales,414.75,Daily retail sales receipts,
demo_business_001,L0000523,2026-01-24,inflow,retail_sales,555.35,Daily retail sales receipts,
demo_business_001,L0000828,2026-01-24,inflow,wholesale_invoice_payment,755.0,Invoice payment from Riverside Office Park Cafeteria,C001
demo_business_001,L0001047,2026-01-24,outflow,payroll,4289.78,Biweekly payroll,
demo_business_001,L0000524,2026-01-25,inflow,retail_sales,482.25,Daily retail sales receipts,
demo_business_001,L0000525,2026-01-26,inflow,retail_sales,263.7,Daily retail sales receipts,
demo_business_001,L0000526,2026-01-27,inflow,retail_sales,314.0,Daily retail sales receipts,
demo_business_001,L0000922,2026-01-27,outflow,inventory_restock,1836.41,Routine inventory / COGS restock,
demo_business_001,L0000826,2026-01-28,inflow,wholesale_invoice_payment,1206.0,Invoice payment from Harbor View Hotel,C006
demo_business_001,L0000527,2026-01-28,inflow,retail_sales,427.0,Daily retail sales receipts,
demo_business_001,L0000528,2026-01-29,inflow,retail_sales,428.4,Daily retail sales receipts,
demo_business_001,L0000529,2026-01-30,inflow,retail_sales,509.5,Daily retail sales receipts,
demo_business_001,L0000530,2026-01-31,inflow,retail_sales,560.65,Daily retail sales receipts,
demo_business_001,L0000991,2026-02-01,outflow,loan_payment,650.0,Equipment loan installment,
demo_business_001,L0000989,2026-02-01,outflow,rent,3200.0,Monthly rent,
demo_business_001,L0000990,2026-02-01,outflow,utilities,380.0,Monthly utilities,
demo_business_001,L0000531,2026-02-01,inflow,retail_sales,419.65,Daily retail sales receipts,
demo_business_001,L0000532,2026-02-02,inflow,retail_sales,246.55,Daily retail sales receipts,
demo_business_001,L0000823,2026-02-02,inflow,wholesale_invoice_payment,810.0,Invoice payment from Lakeside University Faculty Club,C009
demo_business_001,L0000807,2026-02-02,inflow,wholesale_invoice_payment,1040.0,Invoice payment from Maple & Co. Coworking,C002
demo_business_001,L0000533,2026-02-03,inflow,retail_sales,313.85,Daily retail sales receipts,
demo_business_001,L0000534,2026-02-04,inflow,retail_sales,220.0,Daily retail sales receipts,
demo_business_001,L0000535,2026-02-05,inflow,retail_sales,608.15,Daily retail sales receipts,
demo_business_001,L0000536,2026-02-06,inflow,retail_sales,563.9,Daily retail sales receipts,
demo_business_001,L0000537,2026-02-07,inflow,retail_sales,688.15,Daily retail sales receipts,
demo_business_001,L0001048,2026-02-07,outflow,payroll,4302.91,Biweekly payroll,
demo_business_001,L0000538,2026-02-08,inflow,retail_sales,502.7,Daily retail sales receipts,
demo_business_001,L0000539,2026-02-09,inflow,retail_sales,328.9,Daily retail sales receipts,
demo_business_001,L0000923,2026-02-10,outflow,inventory_restock,2242.7,Routine inventory / COGS restock,
demo_business_001,L0000837,2026-02-10,inflow,wholesale_invoice_payment,425.0,Invoice payment from Oakview Elementary PTA,C003
demo_business_001,L0000540,2026-02-10,inflow,retail_sales,429.65,Daily retail sales receipts,
demo_business_001,L0000831,2026-02-11,inflow,wholesale_invoice_payment,414.0,Invoice payment from Northgate Bakery Supply Co-op,C010
demo_business_001,L0000541,2026-02-11,inflow,retail_sales,389.4,Daily retail sales receipts,
demo_business_001,L0000542,2026-02-12,inflow,retail_sales,491.75,Daily retail sales receipts,
demo_business_001,L0000543,2026-02-13,inflow,retail_sales,345.65,Daily retail sales receipts,
demo_business_001,L0000544,2026-02-14,inflow,retail_sales,598.75,Daily retail sales receipts,
demo_business_001,L0000545,2026-02-15,inflow,retail_sales,525.4,Daily retail sales receipts,
demo_business_001,L0000830,2026-02-15,inflow,wholesale_invoice_payment,144.0,Invoice payment from Downtown Fitness Studio,C007
demo_business_001,L0000833,2026-02-15,inflow,wholesale_invoice_payment,544.0,Invoice payment from Sunrise Diner,C004
demo_business_001,L0000832,2026-02-16,inflow,wholesale_invoice_payment,544.0,Invoice payment from Green Valley Med Center Cafeteria,C008
demo_business_001,L0000546,2026-02-16,inflow,retail_sales,276.45,Daily retail sales receipts,
demo_business_001,L0000547,2026-02-17,inflow,retail_sales,449.85,Daily retail sales receipts,
demo_business_001,L0000548,2026-02-18,inflow,retail_sales,314.7,Daily retail sales receipts,
demo_business_001,L0000549,2026-02-19,inflow,retail_sales,430.0,Daily retail sales receipts,
demo_business_001,L0000550,2026-02-20,inflow,retail_sales,558.1,Daily retail sales receipts,
demo_business_001,L0000551,2026-02-21,inflow,retail_sales,653.6,Daily retail sales receipts,
demo_business_001,L0001049,2026-02-21,outflow,payroll,4316.05,Biweekly payroll,
demo_business_001,L0000552,2026-02-22,inflow,retail_sales,576.4,Daily retail sales receipts,
demo_business_001,L0000553,2026-02-23,inflow,retail_sales,349.25,Daily retail sales receipts,
demo_business_001,L0000924,2026-02-24,outflow,inventory_restock,2335.01,Routine inventory / COGS restock,
demo_business_001,L0000554,2026-02-24,inflow,retail_sales,388.4,Daily retail sales receipts,
demo_business_001,L0000555,2026-02-25,inflow,retail_sales,238.65,Daily retail sales receipts,
demo_business_001,L0000556,2026-02-26,inflow,retail_sales,393.8,Daily retail sales receipts,
demo_business_001,L0000557,2026-02-27,inflow,retail_sales,450.25,Daily retail sales receipts,
demo_business_001,L0000558,2026-02-28,inflow,retail_sales,684.55,Daily retail sales receipts,
demo_business_001,L0000992,2026-03-01,outflow,rent,3200.0,Monthly rent,
demo_business_001,L0000994,2026-03-01,outflow,loan_payment,650.0,Equipment loan installment,
demo_business_001,L0000993,2026-03-01,outflow,utilities,380.0,Monthly utilities,
demo_business_001,L0000559,2026-03-01,inflow,retail_sales,442.35,Daily retail sales receipts,
demo_business_001,L0000560,2026-03-02,inflow,retail_sales,281.4,Daily retail sales receipts,
demo_business_001,L0000561,2026-03-03,inflow,retail_sales,394.65,Daily retail sales receipts,
demo_business_001,L0000562,2026-03-04,inflow,retail_sales,428.45,Daily retail sales receipts,
demo_business_001,L0000819,2026-03-05,inflow,wholesale_invoice_payment,224.0,Invoice payment from Maple & Co. Coworking,C002
demo_business_001,L0000563,2026-03-05,inflow,retail_sales,542.25,Daily retail sales receipts,
demo_business_001,L0000564,2026-03-06,inflow,retail_sales,889.75,Daily retail sales receipts,
demo_business_001,L0000565,2026-03-07,inflow,retail_sales,783.05,Daily retail sales receipts,
demo_business_001,L0001050,2026-03-07,outflow,payroll,4329.19,Biweekly payroll,
demo_business_001,L0000566,2026-03-08,inflow,retail_sales,414.65,Daily retail sales receipts,
demo_business_001,L0000567,2026-03-09,inflow,retail_sales,450.0,Daily retail sales receipts,
demo_business_001,L0000815,2026-03-10,inflow,wholesale_invoice_payment,352.0,Invoice payment from Third Street Bookshop Cafe,C005
demo_business_001,L0000925,2026-03-10,outflow,inventory_restock,2536.17,Routine inventory / COGS restock,
demo_business_001,L0000829,2026-03-10,inflow,wholesale_invoice_payment,256.0,Invoice payment from Maple & Co. Coworking,C002
demo_business_001,L0000568,2026-03-10,inflow,retail_sales,398.35,Daily retail sales receipts,
demo_business_001,L0000840,2026-03-11,inflow,wholesale_invoice_payment,2160.0,Invoice payment from Sunrise Diner,C004
demo_business_001,L0000569,2026-03-11,inflow,retail_sales,504.55,Daily retail sales receipts,
demo_business_001,L0000838,2026-03-11,inflow,wholesale_invoice_payment,608.0,Invoice payment from Riverside Office Park Cafeteria,C001
demo_business_001,L0000570,2026-03-12,inflow,retail_sales,540.2,Daily retail sales receipts,
demo_business_001,L0000842,2026-03-13,inflow,wholesale_invoice_payment,288.0,Invoice payment from Green Valley Med Center Cafeteria,C008
demo_business_001,L0000836,2026-03-13,inflow,wholesale_invoice_payment,576.0,Invoice payment from Harbor View Hotel,C006
demo_business_001,L0000571,2026-03-13,inflow,retail_sales,654.75,Daily retail sales receipts,
demo_business_001,L0000824,2026-03-14,inflow,wholesale_invoice_payment,448.0,Invoice payment from Third Street Bookshop Cafe,C005
demo_business_001,L0000572,2026-03-14,inflow,retail_sales,618.0,Daily retail sales receipts,
demo_business_001,L0000573,2026-03-15,inflow,retail_sales,514.0,Daily retail sales receipts,
demo_business_001,L0000574,2026-03-16,inflow,retail_sales,432.35,Daily retail sales receipts,
demo_business_001,L0000575,2026-03-17,inflow,retail_sales,485.1,Daily retail sales receipts,
demo_business_001,L0000576,2026-03-18,inflow,retail_sales,474.95,Daily retail sales receipts,
demo_business_001,L0000577,2026-03-19,inflow,retail_sales,410.4,Daily retail sales receipts,
demo_business_001,L0000578,2026-03-20,inflow,retail_sales,412.85,Daily retail sales receipts,
demo_business_001,L0000834,2026-03-21,inflow,wholesale_invoice_payment,224.0,Invoice payment from Lakeside University Faculty Club,C009
demo_business_001,L0001051,2026-03-21,outflow,payroll,4342.32,Biweekly payroll,
demo_business_001,L0000579,2026-03-21,inflow,retail_sales,647.3,Daily retail sales receipts,
demo_business_001,L0000580,2026-03-22,inflow,retail_sales,475.45,Daily retail sales receipts,
demo_business_001,L0000581,2026-03-23,inflow,retail_sales,247.95,Daily retail sales receipts,
demo_business_001,L0000926,2026-03-24,outflow,inventory_restock,2641.12,Routine inventory / COGS restock,
demo_business_001,L0000844,2026-03-24,inflow,wholesale_invoice_payment,656.0,Invoice payment from Northgate Bakery Supply Co-op,C010
demo_business_001,L0000582,2026-03-24,inflow,retail_sales,465.15,Daily retail sales receipts,
demo_business_001,L0000583,2026-03-25,inflow,retail_sales,589.45,Daily retail sales receipts,
demo_business_001,L0000584,2026-03-26,inflow,retail_sales,513.05,Daily retail sales receipts,
demo_business_001,L0000585,2026-03-27,inflow,retail_sales,785.9,Daily retail sales receipts,
demo_business_001,L0000586,2026-03-28,inflow,retail_sales,560.9,Daily retail sales receipts,
demo_business_001,L0000587,2026-03-29,inflow,retail_sales,648.35,Daily retail sales receipts,
demo_business_001,L0000848,2026-03-30,inflow,wholesale_invoice_payment,688.0,Invoice payment from Oakview Elementary PTA,C003
demo_business_001,L0000588,2026-03-30,inflow,retail_sales,323.15,Daily retail sales receipts,
demo_business_001,L0000841,2026-03-30,inflow,wholesale_invoice_payment,437.0,Invoice payment from Downtown Fitness Studio,C007
demo_business_001,L0000589,2026-03-31,inflow,retail_sales,571.7,Daily retail sales receipts,
demo_business_001,L0000590,2026-04-01,inflow,retail_sales,577.65,Daily retail sales receipts,
demo_business_001,L0000996,2026-04-01,outflow,utilities,380.0,Monthly utilities,
demo_business_001,L0000997,2026-04-01,outflow,loan_payment,650.0,Equipment loan installment,
demo_business_001,L0000995,2026-04-01,outflow,rent,3200.0,Monthly rent,
demo_business_001,L0000591,2026-04-02,inflow,retail_sales,624.7,Daily retail sales receipts,
demo_business_001,L0000592,2026-04-03,inflow,retail_sales,654.6,Daily retail sales receipts,
demo_business_001,L0000593,2026-04-04,inflow,retail_sales,796.7,Daily retail sales receipts,
demo_business_001,L0001052,2026-04-04,outflow,payroll,4355.46,Biweekly payroll,
demo_business_001,L0000843,2026-04-05,inflow,wholesale_invoice_payment,96.0,Invoice payment from Harbor View Hotel,C006
demo_business_001,L0000594,2026-04-05,inflow,retail_sales,770.25,Daily retail sales receipts,
demo_business_001,L0000595,2026-04-06,inflow,retail_sales,383.95,Daily retail sales receipts,
demo_business_001,L0000927,2026-04-07,outflow,inventory_restock,2891.81,Routine inventory / COGS restock,
demo_business_001,L0000596,2026-04-07,inflow,retail_sales,372.6,Daily retail sales receipts,
demo_business_001,L0000597,2026-04-08,inflow,retail_sales,537.75,Daily retail sales receipts,
demo_business_001,L0000598,2026-04-09,inflow,retail_sales,577.75,Daily retail sales receipts,
demo_business_001,L0000599,2026-04-10,inflow,retail_sales,641.4,Daily retail sales receipts,
demo_business_001,L0000849,2026-04-11,inflow,wholesale_invoice_payment,280.0,Invoice payment from Sunrise Diner,C004
demo_business_001,L0000600,2026-04-11,inflow,retail_sales,803.25,Daily retail sales receipts,
demo_business_001,L0000601,2026-04-12,inflow,retail_sales,540.55,Daily retail sales receipts,
demo_business_001,L0000602,2026-04-13,inflow,retail_sales,590.7,Daily retail sales receipts,
demo_business_001,L0000847,2026-04-14,inflow,wholesale_invoice_payment,729.0,Invoice payment from Riverside Office Park Cafeteria,C001
demo_business_001,L0000845,2026-04-14,inflow,wholesale_invoice_payment,224.0,Invoice payment from Lakeside University Faculty Club,C009
demo_business_001,L0000603,2026-04-14,inflow,retail_sales,441.8,Daily retail sales receipts,
demo_business_001,L0000604,2026-04-15,inflow,retail_sales,343.7,Daily retail sales receipts,
demo_business_001,L0000605,2026-04-16,inflow,retail_sales,463.6,Daily retail sales receipts,
demo_business_001,L0000606,2026-04-17,inflow,retail_sales,645.0,Daily retail sales receipts,
demo_business_001,L0000607,2026-04-18,inflow,retail_sales,653.7,Daily retail sales receipts,
demo_business_001,L0001053,2026-04-18,outflow,payroll,4368.59,Biweekly payroll,
demo_business_001,L0000608,2026-04-19,inflow,retail_sales,528.75,Daily retail sales receipts,
demo_business_001,L0000609,2026-04-20,inflow,retail_sales,333.35,Daily retail sales receipts,
demo_business_001,L0000928,2026-04-21,outflow,inventory_restock,2973.78,Routine inventory / COGS restock,
demo_business_001,L0000610,2026-04-21,inflow,retail_sales,280.2,Daily retail sales receipts,
demo_business_001,L0000839,2026-04-21,inflow,wholesale_invoice_payment,385.0,Invoice payment from Maple & Co. Coworking,C002
demo_business_001,L0000857,2026-04-22,inflow,wholesale_invoice_payment,201.0,Invoice payment from Oakview Elementary PTA,C003
demo_business_001,L0000611,2026-04-22,inflow,retail_sales,484.55,Daily retail sales receipts,
demo_business_001,L0000612,2026-04-23,inflow,retail_sales,624.8,Daily retail sales receipts,
demo_business_001,L0000850,2026-04-24,inflow,wholesale_invoice_payment,224.0,Invoice payment from Downtown Fitness Studio,C007
demo_business_001,L0000613,2026-04-24,inflow,retail_sales,602.35,Daily retail sales receipts,
demo_business_001,L0000614,2026-04-25,inflow,retail_sales,999.0,Daily retail sales receipts,
demo_business_001,L0000615,2026-04-26,inflow,retail_sales,641.35,Daily retail sales receipts,
demo_business_001,L0000616,2026-04-27,inflow,retail_sales,482.35,Daily retail sales receipts,
demo_business_001,L0000617,2026-04-28,inflow,retail_sales,483.25,Daily retail sales receipts,
demo_business_001,L0000618,2026-04-29,inflow,retail_sales,493.35,Daily retail sales receipts,
demo_business_001,L0000619,2026-04-30,inflow,retail_sales,554.8,Daily retail sales receipts,
demo_business_001,L0001000,2026-05-01,outflow,loan_payment,650.0,Equipment loan installment,
demo_business_001,L0000620,2026-05-01,inflow,retail_sales,776.9,Daily retail sales receipts,
demo_business_001,L0000999,2026-05-01,outflow,utilities,380.0,Monthly utilities,
demo_business_001,L0000998,2026-05-01,outflow,rent,3200.0,Monthly rent,
demo_business_001,L0000621,2026-05-02,inflow,retail_sales,926.35,Daily retail sales receipts,
demo_business_001,L0001054,2026-05-02,outflow,payroll,4381.73,Biweekly payroll,
demo_business_001,L0000622,2026-05-03,inflow,retail_sales,540.35,Daily retail sales receipts,
demo_business_001,L0000854,2026-05-03,inflow,wholesale_invoice_payment,592.0,Invoice payment from Northgate Bakery Supply Co-op,C010
demo_business_001,L0000623,2026-05-04,inflow,retail_sales,354.2,Daily retail sales receipts,
demo_business_001,L0000624,2026-05-05,inflow,retail_sales,434.25,Daily retail sales receipts,
demo_business_001,L0000929,2026-05-05,outflow,inventory_restock,2685.52,Routine inventory / COGS restock,
demo_business_001,L0000625,2026-05-06,inflow,retail_sales,436.55,Daily retail sales receipts,
demo_business_001,L0000626,2026-05-07,inflow,retail_sales,426.2,Daily retail sales receipts,
demo_business_001,L0000835,2026-05-08,inflow,wholesale_invoice_payment,352.0,Invoice payment from Third Street Bookshop Cafe,C005
demo_business_001,L0000627,2026-05-08,inflow,retail_sales,682.5,Daily retail sales receipts,
demo_business_001,L0000856,2026-05-08,inflow,wholesale_invoice_payment,672.0,Invoice payment from Sunrise Diner,C004
demo_business_001,L0000628,2026-05-09,inflow,retail_sales,644.75,Daily retail sales receipts,
demo_business_001,L0000852,2026-05-10,inflow,wholesale_invoice_payment,320.0,Invoice payment from Harbor View Hotel,C006
demo_business_001,L0000855,2026-05-10,inflow,wholesale_invoice_payment,640.0,Invoice payment from Green Valley Med Center Cafeteria,C008
demo_business_001,L0000629,2026-05-10,inflow,retail_sales,485.7,Daily retail sales receipts,
demo_business_001,L0000630,2026-05-11,inflow,retail_sales,372.65,Daily retail sales receipts,
demo_business_001,L0000631,2026-05-12,inflow,retail_sales,625.95,Daily retail sales receipts,
demo_business_001,L0000632,2026-05-13,inflow,retail_sales,535.25,Daily retail sales receipts,
demo_business_001,L0000853,2026-05-14,inflow,wholesale_invoice_payment,384.0,Invoice payment from Lakeside University Faculty Club,C009
demo_business_001,L0000633,2026-05-14,inflow,retail_sales,554.65,Daily retail sales receipts,
demo_business_001,L0000634,2026-05-15,inflow,retail_sales,721.2,Daily retail sales receipts,
demo_business_001,L0000635,2026-05-16,inflow,retail_sales,885.7,Daily retail sales receipts,
demo_business_001,L0001055,2026-05-16,outflow,payroll,4394.86,Biweekly payroll,
demo_business_001,L0000636,2026-05-17,inflow,retail_sales,626.95,Daily retail sales receipts,
demo_business_001,L0000858,2026-05-18,inflow,wholesale_invoice_payment,192.0,Invoice payment from Riverside Office Park Cafeteria,C001
demo_business_001,L0000637,2026-05-18,inflow,retail_sales,668.1,Daily retail sales receipts,
demo_business_001,L0000930,2026-05-19,outflow,inventory_restock,2820.71,Routine inventory / COGS restock,
demo_business_001,L0000638,2026-05-19,inflow,retail_sales,362.95,Daily retail sales receipts,
demo_business_001,L0000861,2026-05-19,inflow,wholesale_invoice_payment,245.0,Invoice payment from Downtown Fitness Studio,C007
demo_business_001,L0000639,2026-05-20,inflow,retail_sales,411.4,Daily retail sales receipts,
demo_business_001,L0000640,2026-05-21,inflow,retail_sales,565.45,Daily retail sales receipts,
demo_business_001,L0000641,2026-05-22,inflow,retail_sales,623.0,Daily retail sales receipts,
demo_business_001,L0000642,2026-05-23,inflow,retail_sales,674.8,Daily retail sales receipts,
demo_business_001,L0000643,2026-05-24,inflow,retail_sales,661.1,Daily retail sales receipts,
demo_business_001,L0000644,2026-05-25,inflow,retail_sales,421.55,Daily retail sales receipts,
demo_business_001,L0000645,2026-05-26,inflow,retail_sales,376.6,Daily retail sales receipts,
demo_business_001,L0000646,2026-05-27,inflow,retail_sales,549.35,Daily retail sales receipts,
demo_business_001,L0000647,2026-05-28,inflow,retail_sales,564.6,Daily retail sales receipts,
demo_business_001,L0000648,2026-05-29,inflow,retail_sales,851.2,Daily retail sales receipts,
demo_business_001,L0001056,2026-05-30,outflow,payroll,4408.0,Biweekly payroll,
demo_business_001,L0000649,2026-05-30,inflow,retail_sales,878.4,Daily retail sales receipts,
demo_business_001,L0000868,2026-05-30,inflow,wholesale_invoice_payment,1215.0,Invoice payment from Oakview Elementary PTA,C003
demo_business_001,L0000650,2026-05-31,inflow,retail_sales,506.3,Daily retail sales receipts,
demo_business_001,L0000846,2026-05-31,inflow,wholesale_invoice_payment,315.0,Invoice payment from Third Street Bookshop Cafe,C005
demo_business_001,L0001003,2026-06-01,outflow,loan_payment,650.0,Equipment loan installment,
demo_business_001,L0000651,2026-06-01,inflow,retail_sales,676.75,Daily retail sales receipts,
demo_business_001,L0001001,2026-06-01,outflow,rent,3200.0,Monthly rent,
demo_business_001,L0001002,2026-06-01,outflow,utilities,380.0,Monthly utilities,
demo_business_001,L0000652,2026-06-02,inflow,retail_sales,551.5,Daily retail sales receipts,
demo_business_001,L0000931,2026-06-02,outflow,inventory_restock,3139.27,Routine inventory / COGS restock,
demo_business_001,L0000653,2026-06-03,inflow,retail_sales,424.1,Daily retail sales receipts,
demo_business_001,L0000654,2026-06-04,inflow,retail_sales,432.9,Daily retail sales receipts,
demo_business_001,L0000866,2026-06-05,inflow,wholesale_invoice_payment,832.0,Invoice payment from Green Valley Med Center Cafeteria,C008
demo_business_001,L0000862,2026-06-05,inflow,wholesale_invoice_payment,1020.0,Invoice payment from Sunrise Diner,C004
demo_business_001,L0000655,2026-06-05,inflow,retail_sales,700.9,Daily retail sales receipts,
demo_business_001,L0000656,2026-06-06,inflow,retail_sales,813.5,Daily retail sales receipts,
demo_business_001,L0000657,2026-06-07,inflow,retail_sales,802.0,Daily retail sales receipts,
demo_business_001,L0000658,2026-06-08,inflow,retail_sales,388.75,Daily retail sales receipts,
demo_business_001,L0000659,2026-06-09,inflow,retail_sales,506.3,Daily retail sales receipts,
demo_business_001,L0000865,2026-06-10,inflow,wholesale_invoice_payment,720.0,Invoice payment from Riverside Office Park Cafeteria,C001
demo_business_001,L0000864,2026-06-10,inflow,wholesale_invoice_payment,845.0,Invoice payment from Northgate Bakery Supply Co-op,C010
demo_business_001,L0000660,2026-06-10,inflow,retail_sales,625.1,Daily retail sales receipts,
demo_business_001,L0000661,2026-06-11,inflow,retail_sales,595.95,Daily retail sales receipts,
demo_business_001,L0000662,2026-06-12,inflow,retail_sales,929.6,Daily retail sales receipts,
demo_business_001,L0000663,2026-06-13,inflow,retail_sales,1039.75,Daily retail sales receipts,
demo_business_001,L0001057,2026-06-13,outflow,payroll,4421.14,Biweekly payroll,
demo_business_001,L0000664,2026-06-14,inflow,retail_sales,813.0,Daily retail sales receipts,
demo_business_001,L0000665,2026-06-15,inflow,retail_sales,571.65,Daily retail sales receipts,
demo_business_001,L0000932,2026-06-16,outflow,inventory_restock,3341.69,Routine inventory / COGS restock,
demo_business_001,L0000666,2026-06-16,inflow,retail_sales,353.9,Daily retail sales receipts,
demo_business_001,L0000667,2026-06-17,inflow,retail_sales,623.45,Daily retail sales receipts,
demo_business_001,L0000668,2026-06-18,inflow,retail_sales,679.1,Daily retail sales receipts,
demo_business_001,L0000669,2026-06-19,inflow,retail_sales,1088.15,Daily retail sales receipts,
demo_business_001,L0000870,2026-06-20,inflow,wholesale_invoice_payment,416.0,Invoice payment from Downtown Fitness Studio,C007
demo_business_001,L0000670,2026-06-20,inflow,retail_sales,930.35,Daily retail sales receipts,
demo_business_001,L0000867,2026-06-20,inflow,wholesale_invoice_payment,361.0,Invoice payment from Lakeside University Faculty Club,C009
demo_business_001,L0000671,2026-06-21,inflow,retail_sales,622.4,Daily retail sales receipts,
demo_business_001,L0000672,2026-06-22,inflow,retail_sales,368.55,Daily retail sales receipts,
demo_business_001,L0000673,2026-06-23,inflow,retail_sales,670.6,Daily retail sales receipts,
demo_business_001,L0000863,2026-06-24,inflow,wholesale_invoice_payment,865.0,Invoice payment from Harbor View Hotel,C006
demo_business_001,L0000873,2026-06-24,inflow,wholesale_invoice_payment,448.0,Invoice payment from Oakview Elementary PTA,C003
demo_business_001,L0000674,2026-06-24,inflow,retail_sales,628.45,Daily retail sales receipts,
demo_business_001,L0000675,2026-06-25,inflow,retail_sales,567.3,Daily retail sales receipts,
demo_business_001,L0000676,2026-06-26,inflow,retail_sales,722.8,Daily retail sales receipts,
demo_business_001,L0001058,2026-06-27,outflow,payroll,4434.27,Biweekly payroll,
demo_business_001,L0000677,2026-06-27,inflow,retail_sales,966.95,Daily retail sales receipts,
demo_business_001,L0000678,2026-06-28,inflow,retail_sales,667.25,Daily retail sales receipts,
demo_business_001,L0000679,2026-06-29,inflow,retail_sales,314.8,Daily retail sales receipts,
demo_business_001,L0000933,2026-06-30,outflow,inventory_restock,3309.4,Routine inventory / COGS restock,
demo_business_001,L0000680,2026-06-30,inflow,retail_sales,482.65,Daily retail sales receipts,
demo_business_001,L0001005,2026-07-01,outflow,utilities,437.0,Monthly utilities,
demo_business_001,L0001004,2026-07-01,outflow,rent,3200.0,Monthly rent,
demo_business_001,L0000681,2026-07-01,inflow,retail_sales,437.9,Daily retail sales receipts,
demo_business_001,L0001006,2026-07-01,outflow,loan_payment,650.0,Equipment loan installment,
demo_business_001,L0000682,2026-07-02,inflow,retail_sales,926.2,Daily retail sales receipts,
demo_business_001,L0000683,2026-07-03,inflow,retail_sales,957.45,Daily retail sales receipts,
demo_business_001,L0000684,2026-07-04,inflow,retail_sales,829.9,Daily retail sales receipts,
demo_business_001,L0000685,2026-07-05,inflow,retail_sales,741.5,Daily retail sales receipts,
demo_business_001,L0000851,2026-07-05,inflow,wholesale_invoice_payment,385.0,Invoice payment from Maple & Co. Coworking,C002
demo_business_001,L0000875,2026-07-06,inflow,wholesale_invoice_payment,288.0,Invoice payment from Green Valley Med Center Cafeteria,C008
demo_business_001,L0000686,2026-07-06,inflow,retail_sales,354.85,Daily retail sales receipts,
demo_business_001,L0000687,2026-07-07,inflow,retail_sales,544.95,Daily retail sales receipts,
demo_business_001,L0000688,2026-07-08,inflow,retail_sales,598.2,Daily retail sales receipts,
demo_business_001,L0000689,2026-07-09,inflow,retail_sales,685.3,Daily retail sales receipts,
demo_business_001,L0000876,2026-07-10,inflow,wholesale_invoice_payment,192.0,Invoice payment from Downtown Fitness Studio,C007
demo_business_001,L0000690,2026-07-10,inflow,retail_sales,845.0,Daily retail sales receipts,
demo_business_001,L0000691,2026-07-11,inflow,retail_sales,897.9,Daily retail sales receipts,
demo_business_001,L0001059,2026-07-11,outflow,payroll,4447.41,Biweekly payroll,
demo_business_001,L0000871,2026-07-11,inflow,wholesale_invoice_payment,576.0,Invoice payment from Sunrise Diner,C004
demo_business_001,L0000692,2026-07-12,inflow,retail_sales,523.05,Daily retail sales receipts,
demo_business_001,L0000693,2026-07-13,inflow,retail_sales,562.05,Daily retail sales receipts,
demo_business_001,L0000694,2026-07-14,inflow,retail_sales,517.7,Daily retail sales receipts,
demo_business_001,L0000934,2026-07-14,outflow,inventory_restock,3342.02,Routine inventory / COGS restock,
demo_business_001,L0000695,2026-07-15,inflow,retail_sales,617.1,Daily retail sales receipts,
demo_business_001,L0000877,2026-07-15,inflow,wholesale_invoice_payment,2711.0,Invoice payment from Northgate Bakery Supply Co-op,C010
demo_business_001,L0000696,2026-07-16,inflow,retail_sales,634.15,Daily retail sales receipts,
demo_business_001,L0000697,2026-07-17,inflow,retail_sales,886.45,Daily retail sales receipts,
demo_business_001,L0000859,2026-07-18,inflow,wholesale_invoice_payment,848.0,Invoice payment from Third Street Bookshop Cafe,C005
demo_business_001,L0000698,2026-07-18,inflow,retail_sales,963.75,Daily retail sales receipts,
demo_business_001,L0000699,2026-07-19,inflow,retail_sales,577.65,Daily retail sales receipts,
demo_business_001,L0000700,2026-07-20,inflow,retail_sales,609.85,Daily retail sales receipts,
demo_business_001,L0000701,2026-07-21,inflow,retail_sales,523.25,Daily retail sales receipts,
demo_business_001,L0000879,2026-07-21,inflow,wholesale_invoice_payment,1725.0,Invoice payment from Oakview Elementary PTA,C003
demo_business_001,L0000702,2026-07-22,inflow,retail_sales,481.15,Daily retail sales receipts,
demo_business_001,L0000874,2026-07-23,inflow,wholesale_invoice_payment,1890.0,Invoice payment from Lakeside University Faculty Club,C009
demo_business_001,L0000703,2026-07-23,inflow,retail_sales,517.3,Daily retail sales receipts,
demo_business_001,L0000878,2026-07-23,inflow,wholesale_invoice_payment,384.0,Invoice payment from Riverside Office Park Cafeteria,C001
demo_business_001,L0000872,2026-07-24,inflow,wholesale_invoice_payment,2775.0,Invoice payment from Harbor View Hotel,C006
demo_business_001,L0000704,2026-07-24,inflow,retail_sales,825.9,Daily retail sales receipts,
demo_business_001,L0001060,2026-07-25,outflow,payroll,4460.54,Biweekly payroll,
demo_business_001,L0000705,2026-07-25,inflow,retail_sales,832.65,Daily retail sales receipts,
demo_business_001,L0000706,2026-07-26,inflow,retail_sales,704.95,Daily retail sales receipts,
demo_business_001,L0000707,2026-07-27,inflow,retail_sales,579.35,Daily retail sales receipts,
demo_business_001,L0000935,2026-07-28,outflow,inventory_restock,3673.55,Routine inventory / COGS restock,
demo_business_001,L0000708,2026-07-28,inflow,retail_sales,562.4,Daily retail sales receipts,
demo_business_001,L0000709,2026-07-29,inflow,retail_sales,557.55,Daily retail sales receipts,
demo_business_001,L0000710,2026-07-30,inflow,retail_sales,665.8,Daily retail sales receipts,
demo_business_001,L0000711,2026-07-31,inflow,retail_sales,651.3,Daily retail sales receipts,
demo_business_001,L0000712,2026-08-01,inflow,retail_sales,676.85,Daily retail sales receipts,
demo_business_001,L0001009,2026-08-01,outflow,loan_payment,650.0,Equipment loan installment,
demo_business_001,L0001007,2026-08-01,outflow,rent,3200.0,Monthly rent,
demo_business_001,L0001008,2026-08-01,outflow,utilities,437.0,Monthly utilities,
demo_business_001,L0000713,2026-08-02,inflow,retail_sales,497.25,Daily retail sales receipts,
demo_business_001,L0000714,2026-08-03,inflow,retail_sales,683.6,Daily retail sales receipts,
demo_business_001,L0000715,2026-08-04,inflow,retail_sales,546.6,Daily retail sales receipts,
demo_business_001,L0000869,2026-08-04,inflow,wholesale_invoice_payment,688.0,Invoice payment from Third Street Bookshop Cafe,C005
demo_business_001,L0000716,2026-08-05,inflow,retail_sales,475.95,Daily retail sales receipts,
demo_business_001,L0000717,2026-08-06,inflow,retail_sales,422.7,Daily retail sales receipts,
demo_business_001,L0000718,2026-08-07,inflow,retail_sales,583.25,Daily retail sales receipts,
demo_business_001,L0001061,2026-08-08,outflow,payroll,4473.68,Biweekly payroll,
demo_business_001,L0000882,2026-08-08,inflow,wholesale_invoice_payment,490.0,Invoice payment from Northgate Bakery Supply Co-op,C010
demo_business_001,L0000719,2026-08-08,inflow,retail_sales,764.2,Daily retail sales receipts,
demo_business_001,L0000720,2026-08-09,inflow,retail_sales,798.55,Daily retail sales receipts,
demo_business_001,L0000721,2026-08-10,inflow,retail_sales,493.15,Daily retail sales receipts,
demo_business_001,L0000936,2026-08-11,outflow,inventory_restock,3360.48,Routine inventory / COGS restock,
demo_business_001,L0000722,2026-08-11,inflow,retail_sales,721.25,Daily retail sales receipts,
demo_business_001,L0000723,2026-08-12,inflow,retail_sales,651.3,Daily retail sales receipts,
demo_business_001,L0000724,2026-08-13,inflow,retail_sales,432.35,Daily retail sales receipts,
demo_business_001,L0000725,2026-08-14,inflow,retail_sales,816.2,Daily retail sales receipts,
demo_business_001,L0000726,2026-08-15,inflow,retail_sales,831.75,Daily retail sales receipts,
demo_business_001,L0000727,2026-08-16,inflow,retail_sales,580.05,Daily retail sales receipts,
demo_business_001,L0000881,2026-08-16,inflow,wholesale_invoice_payment,224.0,Invoice payment from Downtown Fitness Studio,C007
demo_business_001,L0000860,2026-08-16,inflow,wholesale_invoice_payment,245.0,Invoice payment from Maple & Co. Coworking,C002
demo_business_001,L0000728,2026-08-17,inflow,retail_sales,462.25,Daily retail sales receipts,
demo_business_001,L0000880,2026-08-17,inflow,wholesale_invoice_payment,352.0,Invoice payment from Sunrise Diner,C004
demo_business_001,L0000729,2026-08-18,inflow,retail_sales,496.7,Daily retail sales receipts,
demo_business_001,L0000884,2026-08-19,inflow,wholesale_invoice_payment,288.0,Invoice payment from Green Valley Med Center Cafeteria,C008
demo_business_001,L0000883,2026-08-19,inflow,wholesale_invoice_payment,1168.0,Invoice payment from Riverside Office Park Cafeteria,C001
demo_business_001,L0000730,2026-08-19,inflow,retail_sales,467.85,Daily retail sales receipts,
